,PLAYER,TEAM,GP,G,A,PTS,+/-,TOI/G,SHFT,SHFT/G,PROD,POS,hr,min,sec,TIMES
0,Suter Ryan,MIN,82.0,7,40,47,-8,26:42:00,2222,27.1,46:34:00, D,26.0,42.0,00,2132.0
1,Doughty Drew,LA,82.0,8,37,45,-34,26:36:00,2393,29.2,48:27:00, D,26.0,36.0,00,2132.0
2,Letang Kris,PIT,65.0,16,40,56,13,25:58:00,1923,29.6,30:07:00, D,25.0,58.0,00,1625.0
3,Jones Seth,CBJ,75.0,9,37,46,1,25:49:00,2214,29.5,42:06:00, D,25.0,49.0,00,1875.0
4,Josi Roman,NSH,82.0,15,41,56,9,25:10:00,2359,28.8,36:51:00, D,25.0,10.0,00,2050.0
5,Provorov Ivan,PHI,82.0,7,19,26,-16,25:07:00,2369,28.9,79:12:00, D,25.0,7.0,00,2050.0
6,Burns Brent,SJ,82.0,16,67,83,13,25:06:00,2200,26.8,24:47:00, D,25.0,6.0,00,2050.0
7,Carlson John,WSH,80.0,13,57,70,21,25:04:00,2041,25.5,28:38:00, D,25.0,4.0,00,2000.0
8,Ristolainen Rasmus,BUF,78.0,5,38,43,-41,24:38:00,2076,26.6,44:41:00, D,24.0,38.0,00,1872.0
9,Edler Alexander,VAN,56.0,10,24,34,3,24:34:00,1683,30.1,40:28:00, D,24.0,34.0,00,1344.0
10,Klingberg John,DAL,64.0,10,35,45,6,24:32:00,1719,26.9,34:53:00, D,24.0,32.0,00,1536.0
11,Karlsson Erik,SJ,53.0,3,42,45,6,24:29:00,1384,26.1,28:50:00, D,24.0,29.0,00,1272.0
12,Byfuglien Dustin,WPG,42.0,4,27,31,4,24:22:00,991,23.6,33:00:00, D,24.0,22.0,00,1008.0
13,Lindell Esa,DAL,82.0,11,21,32,14,24:20:00,2314,28.2,62:20:00, D,24.0,20.0,00,1968.0
14,Chabot Thomas,OTT,70.0,14,41,55,-12,24:17:00,1936,27.7,30:54:00, D,24.0,17.0,00,1680.0
15,Giordano Mark,CGY,78.0,17,57,74,39,24:14:00,2177,27.9,25:33:00, D,24.0,14.0,00,1872.0
16,Spurgeon Jared,MIN,82.0,14,29,43,-1,24:09:00,2170,26.5,46:02:00, D,24.0,9.0,00,1968.0
17,Pietrangelo Alex,STL,71.0,13,28,41,2,24:05:00,2061,29.0,41:41:00, D,24.0,5.0,00,1704.0
18,Ellis Ryan,NSH,82.0,7,34,41,21,24:01:00,2320,28.3,48:01:00, D,24.0,1.0,00,1968.0
19,Lindholm Hampus,ANA,76.0,6,22,28,-5,24:00:00,2281,30.0,65:07:00, D,24.0,0.0,00,1824.0
20,Klefbom Oscar,EDM,61.0,5,23,28,-11,23:59,1695,27.8,52:14:00, D,23.0,59.0,,1403.0
21,Nurse Darnell,EDM,82.0,10,31,41,-5,23:49,2306,28.1,47:38:00, D,23.0,49.0,,1886.0
22,Ekblad Aaron,FLA,82.0,13,24,37,1,23:39,2468,30.1,52:24:00, D,23.0,39.0,,1886.0
23,Ekman-Larsson Oliver,ARI,81.0,14,30,44,-16,23:38,2231,27.5,43:31:00, D,23.0,38.0,,1863.0
24,Weber Shea,MTL,58.0,14,19,33,15,23:29,1572,27.1,41:16:00, D,23.0,29.0,,1334.0
25,Dumba Matt,MIN,32.0,12,10,22,-5,23:23,799,25.0,34:00:00, D,23.0,23.0,,736.0
26,Fowler Cam,ANA,59.0,5,18,23,-14,23:22,1727,29.3,59:56:00, D,23.0,22.0,,1357.0
27,Ekholm Mattias,NSH,80.0,8,36,44,27,23:22,2288,28.6,42:28:00, D,23.0,22.0,,1840.0
28,Rielly Morgan,TOR,82.0,20,52,72,24,23:07,2364,28.8,26:20:00, D,23.0,7.0,,1886.0
29,Petry Jeff,MTL,82.0,13,33,46,-5,23:07,2185,26.6,41:12:00, D,23.0,7.0,,1886.0
30,Heiskanen Miro,DAL,82.0,12,21,33,-14,23:07,2282,27.8,57:26:00, D,23.0,7.0,,1886.0
31,Slavin Jaccob,CAR,82.0,8,23,31,0,23:02,2203,26.9,60:56:00, D,23.0,2.0,,1886.0
32,Keith Duncan,CHI,82.0,6,34,40,13,23:01,2272,27.7,47:11:00, D,23.0,1.0,,1886.0
33,Werenski Zach,CBJ,82.0,11,33,44,-12,22:54,2250,27.4,42:40:00, D,22.0,54.0,,1804.0
34,Trouba Jacob,WPG,82.0,8,42,50,8,22:53,1997,24.4,37:31:00, D,22.0,53.0,,1804.0
35,McDavid Connor,EDM,78.0,41,75,116,3,22:50,1998,25.6,15:21, C,22.0,50.0,,1716.0
36,Parayko Colton,STL,80.0,10,18,28,20,22:47,2329,29.1,65:05:00, D,22.0,47.0,,1760.0
37,Hedman Victor,TB,70.0,12,42,54,24,22:46,1734,24.8,29:31:00, D,22.0,46.0,,1540.0
38,Subban P.K.,NSH,63.0,9,22,31,5,22:40,1731,27.5,46:03:00, D,22.0,40.0,,1386.0
39,Draisaitl Leon,EDM,82.0,50,55,105,2,22:35,2126,25.9,17:38, C,22.0,35.0,,1804.0
40,Gustafsson Erik,CHI,79.0,17,43,60,-6,22:35,2019,25.6,29:44:00, D,22.0,35.0,,1738.0
41,Ceci Cody,OTT,74.0,7,19,26,-22,22:34,2048,27.7,64:12:00, D,22.0,34.0,,1628.0
42,Kane Patrick,CHI,81.0,44,66,110,2,22:29,1912,23.6,16:33, RW,22.0,29.0,,1782.0
43,Montour Brandon,BUF/ANA,82.0,8,27,35,-20,22:27,2252,27.5,52:35:00, D,22.0,27.0,,1804.0
44,Yandle Keith,FLA,82.0,9,53,62,-17,22:27,2304,28.1,29:41:00, D,22.0,27.0,,1804.0
45,Faulk Justin,CAR,82.0,11,24,35,9,22:25,2150,26.2,52:32:00, D,22.0,25.0,,1804.0
46,Morrissey Josh,WPG,59.0,6,25,31,9,22:24,1439,24.4,42:38:00, D,22.0,24.0,,1298.0
47,Pulock Ryan,NYI,82.0,9,28,37,21,22:22,2278,27.8,49:33:00, D,22.0,22.0,,1804.0
48,Hutton Ben,VAN,69.0,5,15,20,-23,22:21,1908,27.7,77:07:00, D,22.0,21.0,,1518.0
49,Barkov Aleksander,FLA,82.0,35,61,96,-3,22:21,2218,27.0,19:05, C,22.0,21.0,,1804.0
50,Matheson Michael,FLA,75.0,8,19,27,-24,22:19,2126,28.3,61:59:00, D,22.0,19.0,,1650.0
51,Manson Josh,ANA,74.0,3,13,16,-8,22:18,2099,28.4,103:10:00, D,22.0,18.0,,1628.0
52,Kopitar Anze,LA,81.0,22,38,60,-20,22:18,2146,26.5,30:06:00, C,22.0,18.0,,1782.0
53,McAvoy Charlie,BOS,54.0,7,21,28,14,22:10,1448,26.8,42:45:00, D,22.0,10.0,,1188.0
54,Couturier Sean,PHI,80.0,33,43,76,2,22:08,2143,26.8,23:17, C,22.0,8.0,,1760.0
55,MacKinnon Nathan,COL,82.0,41,58,99,20,22:05,2024,24.7,18:17, C,22.0,5.0,,1804.0
56,McDonagh Ryan,TB,82.0,9,37,46,38,22:05,2066,25.2,39:22:00, D,22.0,5.0,,1804.0
57,Severson Damon,NJ,82.0,11,28,39,-27,22:03,2155,26.3,46:20:00, D,22.0,3.0,,1804.0
58,DeKeyser Danny,DET,52.0,5,15,20,2,21:58,1479,28.4,57:06:00, D,21.0,58.0,,1092.0
59,Schmidt Nate,VGS,61.0,9,21,30,22,21:57,1576,25.8,44:38:00, D,21.0,57.0,,1281.0
60,Niskanen Matt,WSH,80.0,8,17,25,-3,21:56,1909,23.9,70:10:00, D,21.0,56.0,,1680.0
61,Scheifele Mark,WPG,82.0,38,46,84,8,21:52,1969,24.0,21:20, C,21.0,52.0,,1722.0
62,Larkin Dylan,DET,76.0,32,41,73,-6,21:51,1973,26.0,22:44, C,21.0,51.0,,1596.0
63,Johnson Erik,COL,80.0,7,18,25,8,21:49,2157,27.0,69:48:00, D,21.0,49.0,,1680.0
64,Barrie Tyson,COL,78.0,14,45,59,-3,21:47,1850,23.7,28:47:00, D,21.0,47.0,,1638.0
65,Vatanen Sami,NJ,50.0,4,13,17,-17,21:44,1317,26.3,63:54:00, D,21.0,44.0,,1050.0
66,Green Mike,DET,43.0,5,21,26,-1,21:41,1185,27.6,35:51:00, D,21.0,41.0,,903.0
67,Orlov Dmitry,WSH,82.0,3,26,29,3,21:38,1914,23.3,61:10:00, D,21.0,38.0,,1722.0
68,Bogosian Zach,BUF,65.0,3,16,19,-5,21:38,1574,24.2,73:59:00, D,21.0,38.0,,1365.0
69,Larsson Adam,EDM,82.0,3,17,20,-28,21:37,2243,27.4,88:39:00, D,21.0,37.0,,1722.0
70,Leddy Nick,NYI,82.0,4,22,26,0,21:33,2133,26.0,67:57:00, D,21.0,33.0,,1722.0
71,Brodie T.J.,CGY,79.0,9,25,34,29,21:28,2084,26.4,49:53:00, D,21.0,28.0,,1659.0
72,Giroux Claude,PHI,82.0,22,63,85,9,21:27,2138,26.1,20:42, LW,21.0,27.0,,1722.0
73,Murray Ryan,CBJ,56.0,1,28,29,20,21:26,1501,26.8,41:24:00, D,21.0,26.0,,1176.0
74,Martinez Alec,LA,60.0,4,14,18,-2,21:22,1578,26.3,71:12:00, D,21.0,22.0,,1260.0
75,Muzzin Jake,LA/TOR,80.0,9,28,37,21,21:20,2210,27.6,46:08:00, D,21.0,20.0,,1680.0
76,Krug Torey,BOS,64.0,6,47,53,-2,21:18,1599,25.0,25:43:00, D,21.0,18.0,,1344.0
77,Skjei Brady,NYR,78.0,8,17,25,-4,21:14,2141,27.4,66:15:00, D,21.0,14.0,,1638.0
78,Gardiner Jake,TOR,62.0,3,27,30,19,21:13,1635,26.4,43:50:00, D,21.0,13.0,,1302.0
79,Pionk Neal,NYR,73.0,6,20,26,-16,21:10,1998,27.4,59:25:00, D,21.0,10.0,,1533.0
80,Dahlin Rasmus,BUF,82.0,9,35,44,-13,21:09,1905,23.2,39:25:00, D,21.0,9.0,,1722.0
81,Landeskog Gabriel,COL,73.0,34,41,75,17,21:09,1711,23.4,20:35, LW,21.0,9.0,,1533.0
82,Chara Zdeno,BOS,62.0,5,9,14,22,21:05,1515,24.4,93:20:00, D,21.0,5.0,,1302.0
83,Schuldt Jimmy,VGS,1.0,0,1,1,-1,21:03,22,22.0,21:03, D,21.0,3.0,,21.0
84,Vlasic Marc-Edouard,SJ,72.0,3,22,25,-6,21:03,1847,25.7,60:36:00, D,21.0,3.0,,1512.0
85,Dumoulin Brian,PIT,76.0,3,20,23,31,21:02,2110,27.8,69:28:00, D,21.0,2.0,,1596.0
86,Toews Jonathan,CHI,82.0,35,46,81,2,21:00,2090,25.5,21:16, C,21.0,0.0,,1722.0
87,Crosby Sidney,PIT,79.0,35,65,100,18,21:00,2036,25.8,16:35, C,21.0,0.0,,1659.0
88,Carlo Brandon,BOS,72.0,2,8,10,22,20:55,1840,25.6,150:38:00, D,20.0,55.0,,1440.0
89,Ovechkin Alex,WSH,81.0,51,38,89,7,20:55,1682,20.8,19:02, LW,20.0,55.0,,1620.0
90,Hamonic Travis,CGY,69.0,7,12,19,21,20:52,1758,25.5,75:46:00, D,20.0,52.0,,1380.0
91,Rantanen Mikko,COL,74.0,31,56,87,13,20:51,1704,23.0,17:43, RW,20.0,51.0,,1480.0
92,Horvat Bo,VAN,82.0,27,34,61,-4,20:50,2217,27.0,28:00:00, C,20.0,50.0,,1640.0
93,Greene Andy,NJ,82.0,5,20,25,-9,20:50,2027,24.7,68:20:00, D,20.0,50.0,,1640.0
94,Goligoski Alex,ARI,76.0,3,24,27,-7,20:49,1878,24.7,58:35:00, D,20.0,49.0,,1520.0
95,Hanifin Noah,CGY,80.0,5,28,33,18,20:46,2075,25.9,50:21:00, D,20.0,46.0,,1600.0
96,O'Reilly Ryan,STL,82.0,28,49,77,22,20:46,2103,25.6,22:06, C,20.0,46.0,,1640.0
97,Seguin Tyler,DAL,82.0,33,47,80,17,20:45,2278,27.8,21:16, C,20.0,45.0,,1640.0
98,Forbort Derek,LA,81.0,2,12,14,-13,20:45,2075,25.6,120:00:00, D,20.0,45.0,,1620.0
99,Bouwmeester Jay,STL,78.0,3,14,17,-3,20:44,2077,26.6,95:07:00, D,20.0,44.0,,1560.0
100,Wheeler Blake,WPG,82.0,20,71,91,0,20:43,1979,24.1,18:39, RW,20.0,43.0,,1640.0
101,Zibanejad Mika,NYR,82.0,30,44,74,-12,20:34,2084,25.4,22:46, C,20.0,34.0,,1640.0
102,Brodin Jonas,MIN,82.0,4,14,18,-15,20:33,1997,24.4,93:35:00, D,20.0,33.0,,1640.0
103,Stralman Anton,TB,47.0,2,15,17,12,20:31,1113,23.7,56:44:00, D,20.0,31.0,,940.0
104,Schultz Justin,PIT,29.0,2,13,15,0,20:30,767,26.4,39:38:00, D,20.0,30.0,,580.0
105,Pesce Brett,CAR,73.0,7,22,29,35,20:29,1826,25.0,51:34:00, D,20.0,29.0,,1460.0
106,Zaitsev Nikita,TOR,81.0,3,11,14,2,20:28,2145,26.5,118:27:00, D,20.0,28.0,,1620.0
107,Eichel Jack,BUF,77.0,28,54,82,-11,20:26,1756,22.8,19:11, C,20.0,26.0,,1540.0
108,Russell Kris,EDM,72.0,3,13,16,5,20:26,1858,25.8,91:55:00, D,20.0,26.0,,1440.0
109,Brown Dustin,LA,72.0,22,29,51,-17,20:24,1823,25.3,28:48:00, RW,20.0,24.0,,1440.0
110,Myers Tyler,WPG,80.0,9,22,31,11,20:21,1806,22.6,52:30:00, D,20.0,21.0,,1600.0
111,Braun Justin,SJ,78.0,2,14,16,-14,20:18,1957,25.1,98:59:00, D,20.0,18.0,,1560.0
112,Hainsey Ron,TOR,81.0,5,18,23,30,20:15,2181,26.9,71:20:00, D,20.0,15.0,,1620.0
113,Chychrun Jakob,ARI,53.0,5,15,20,-12,20:15,1235,23.3,53:40:00, D,20.0,15.0,,1060.0
114,Tanev Chris,VAN,55.0,2,10,12,3,20:10,1530,27.8,92:26:00, D,20.0,10.0,,1100.0
115,Aho Sebastian,CAR,82.0,30,53,83,25,20:09,2008,24.5,19:54, LW,20.0,9.0,,1640.0
116,Theodore Shea,VGS,79.0,12,25,37,-4,20:06,1938,24.5,42:55:00, D,20.0,6.0,,1580.0
117,Nugent-Hopkins Ryan,EDM,82.0,28,41,69,-13,20:06,1997,24.4,23:53, C,20.0,6.0,,1640.0
118,Gaudreau Johnny,CGY,82.0,36,63,99,18,20:04,1923,23.5,16:37, LW,20.0,4.0,,1640.0
119,Lindholm Elias,CGY,81.0,27,51,78,30,20:02,2062,25.5,20:48, C,20.0,2.0,,1620.0
120,Demers Jason,ARI,35.0,2,6,8,9,20:00,909,26.0,87:28:00, D,20.0,0.0,,700.0
121,Kucherov Nikita,TB,82.0,41,87,128,24,19:58,1765,21.5,12:47, RW,19.0,58.0,,1558.0
122,Hronek Filip,DET,46.0,5,18,23,-10,19:58,1201,26.1,39:55:00, D,19.0,58.0,,874.0
123,Kronwall Niklas,DET,79.0,3,24,27,-5,19:57,2047,25.9,58:22:00, D,19.0,57.0,,1501.0
124,Backstrom Nicklas,WSH,80.0,22,52,74,2,19:57,1759,22.0,21:34, C,19.0,57.0,,1520.0
125,Stecher Troy,VAN,78.0,2,21,23,9,19:55,1915,24.6,67:32:00, D,19.0,55.0,,1482.0
126,Girard Samuel,COL,82.0,4,23,27,8,19:54,1966,24.0,60:24:00, D,19.0,54.0,,1558.0
127,Stone Mark,OTT/VGS,77.0,33,40,73,17,19:53,1782,23.1,20:58, RW,19.0,53.0,,1463.0
128,Engelland Deryk,VGS,74.0,2,10,12,-3,19:53,1740,23.5,122:34:00, D,19.0,53.0,,1406.0
129,Panarin Artemi,CBJ,79.0,28,59,87,14,19:51,1816,23.0,18:01, LW,19.0,51.0,,1501.0
130,Jensen Nick,DET/WSH,80.0,2,18,20,4,19:51,2004,25.1,79:24:00, D,19.0,51.0,,1520.0
131,Zuccarello Mats,DAL/NYR,48.0,12,28,40,-8,19:51,1129,23.5,23:49, RW,19.0,51.0,,912.0
132,Schlemko David,MTL/PHI,18.0,0,2,2,-1,19:51,469,26.1,178:36:00, D,19.0,51.0,,342.0
133,Marner Mitch,TOR,82.0,26,68,94,22,19:49,2066,25.2,17:17, C,19.0,49.0,,1558.0
134,Jones Caleb,EDM,17.0,1,5,6,-9,19:48,434,25.5,56:05:00, D,19.0,48.0,,323.0
135,Radulov Alexander,DAL,70.0,29,43,72,22,19:47,1768,25.3,19:14, RW,19.0,47.0,,1330.0
136,Cole Ian,COL,71.0,2,13,15,-1,19:45,1682,23.7,93:30:00, D,19.0,45.0,,1349.0
137,Savard David,CBJ,82.0,8,16,24,19,19:45,2083,25.4,67:27:00, D,19.0,45.0,,1558.0
138,Hjalmarsson Niklas,ARI,82.0,0,10,10,8,19:42,2047,25.0,161:31:00, D,19.0,42.0,,1558.0
139,Hall Taylor,NJ,33.0,11,26,37,-6,19:41,727,22.0,17:33, LW,19.0,41.0,,627.0
140,Hamilton Dougie,CAR,82.0,18,21,39,0,19:40,1994,24.3,41:21:00, D,19.0,40.0,,1558.0
141,Trocheck Vincent,FLA,55.0,10,24,34,-9,19:40,1366,24.8,31:48:00, C,19.0,40.0,,1045.0
142,Gostisbehere Shayne,PHI,78.0,9,28,37,-20,19:40,1772,22.7,41:26:00, D,19.0,40.0,,1482.0
143,Miller Colin,VGS,65.0,3,26,29,0,19:39,1581,24.3,44:02:00, D,19.0,39.0,,1235.0
144,Marchand Brad,BOS,79.0,36,64,100,15,19:37,1821,23.1,15:30, LW,19.0,37.0,,1501.0
145,Sanheim Travis,PHI,82.0,9,26,35,-4,19:34,2011,24.5,45:49:00, D,19.0,34.0,,1558.0
146,Johansen Ryan,NSH,80.0,14,50,64,7,19:33,2000,25.0,24:26:00, C,19.0,33.0,,1520.0
147,Murphy Connor,CHI,52.0,5,8,13,12,19:29,1352,26.0,77:57:00, D,19.0,29.0,,988.0
148,McNabb Brayden,VGS,81.0,4,12,16,11,19:29,1927,23.8,98:36:00, D,19.0,29.0,,1539.0
149,Getzlaf Ryan,ANA,67.0,14,34,48,-19,19:28,1568,23.4,27:10:00, C,19.0,28.0,,1273.0
150,Staal Marc,NYR,79.0,3,10,13,-9,19:25,2061,26.1,118:00:00, D,19.0,25.0,,1501.0
151,Edmundson Joel,STL,64.0,2,9,11,8,19:23,1691,26.4,112:47:00, D,19.0,23.0,,1216.0
152,Sulak Libor,DET,6.0,0,0,0,-4,19:23,163,27.2,0:00, D,19.0,23.0,,114.0
153,Atkinson Cam,CBJ,80.0,41,28,69,3,19:23,1951,24.4,22:28, RW,19.0,23.0,,1520.0
154,Guentzel Jake,PIT,82.0,40,36,76,13,19:21,2008,24.5,20:52, C,19.0,21.0,,1558.0
155,DeAngelo Tony,NYR,61.0,4,26,30,6,19:20,1494,24.5,39:18:00, D,19.0,20.0,,1159.0
156,DeMelo Dylan,OTT,77.0,4,18,22,-1,19:17,1972,25.6,67:29:00, D,19.0,17.0,,1463.0
157,Johnson Jack,PIT,82.0,1,12,13,-4,19:17,2124,25.9,121:36:00, D,19.0,17.0,,1558.0
158,Butcher Will,NJ,78.0,4,26,30,-17,19:16,1804,23.1,50:06:00, D,19.0,16.0,,1482.0
159,Zajac Travis,NJ,80.0,19,27,46,-25,19:16,1818,22.7,33:30:00, C,19.0,16.0,,1520.0
160,Connor Kyle,WPG,82.0,34,32,66,-7,19:15,1749,21.3,23:55, LW,19.0,15.0,,1558.0
161,Cernak Erik,TB,58.0,5,11,16,25,19:15,1416,24.4,69:47:00, D,19.0,15.0,,1102.0
162,Stepan Derek,ARI,72.0,15,20,35,-2,19:13,1845,25.6,39:32:00, C,19.0,13.0,,1368.0
163,Kempny Michal,WSH,71.0,6,19,25,24,19:11,1560,22.0,54:29:00, D,19.0,11.0,,1349.0
164,Polak Roman,DAL,77.0,1,8,9,6,19:10,1878,24.4,163:59:00, D,19.0,10.0,,1463.0
165,Boeser Brock,VAN,69.0,26,30,56,-2,19:10,1621,23.5,23:36, RW,19.0,10.0,,1311.0
166,Arvidsson Viktor,NSH,58.0,34,14,48,12,19:09,1388,23.9,23:08, RW,19.0,9.0,,1102.0
167,Grzelcyk Matt,BOS,66.0,3,15,18,9,19:08,1652,25.0,70:08:00, D,19.0,8.0,,1254.0
168,Seabrook Brent,CHI,78.0,5,23,28,-6,19:06,2018,25.9,53:11:00, D,19.0,6.0,,1482.0
169,Tavares John,TOR,82.0,47,41,88,19,19:05,1969,24.0,17:47, C,19.0,5.0,,1558.0
170,Monahan Sean,CGY,78.0,34,48,82,7,19:03,1805,23.1,18:07, C,19.0,3.0,,1482.0
171,Pavelski Joe,SJ,75.0,38,26,64,-4,19:03,1809,24.1,22:19, C,19.0,3.0,,1425.0
172,Hertl Tomas,SJ,77.0,35,39,74,5,19:01,1834,23.8,19:47, C,19.0,1.0,,1463.0
173,Jokiharju Henri,CHI,38.0,0,12,12,-7,18:59,946,24.9,60:06:00, D,18.0,59.0,,684.0
174,Reinhart Sam,BUF,82.0,22,43,65,-10,18:57,1730,21.1,23:55, C,18.0,57.0,,1476.0
175,McCabe Jake,BUF,59.0,4,10,14,-4,18:57,1364,23.1,79:50:00, D,18.0,57.0,,1062.0
176,Shattenkirk Kevin,NYR,73.0,2,26,28,-15,18:56,1685,23.1,49:22:00, D,18.0,56.0,,1314.0
177,Point Brayden,TB,79.0,41,51,92,27,18:55,1675,21.2,16:14, C,18.0,55.0,,1422.0
178,Lajoie Maxime,OTT,56.0,7,8,15,-25,18:54,1393,24.9,70:34:00, D,18.0,54.0,,1008.0
179,Oesterle Jordan,ARI,71.0,6,14,20,-3,18:54,1645,23.2,67:04:00, D,18.0,54.0,,1278.0
180,Huberdeau Jonathan,FLA,82.0,30,62,92,-14,18:51,1846,22.5,16:48, C,18.0,51.0,,1476.0
181,Karlsson William,VGS,82.0,24,32,56,1,18:51,1737,21.2,27:35:00, C,18.0,51.0,,1476.0
182,Duchene Matt,OTT/CBJ,73.0,31,39,70,-3,18:50,1601,21.9,19:38, C,18.0,50.0,,1314.0
183,Boychuk Johnny,NYI,74.0,3,16,19,10,18:50,1864,25.2,73:20:00, D,18.0,50.0,,1332.0
184,Malkin Evgeni,PIT,68.0,21,51,72,-25,18:48,1554,22.9,17:45, C,18.0,48.0,,1224.0
185,Kuznetsov Evgeny,WSH,76.0,21,51,72,7,18:47,1508,19.8,19:50, C,18.0,47.0,,1368.0
186,Moore John,BOS,61.0,4,9,13,0,18:46,1517,24.9,88:05:00, D,18.0,46.0,,1098.0
187,Pastrnak David,BOS,66.0,38,43,81,6,18:45,1395,21.1,15:16, LW,18.0,45.0,,1188.0
188,Mayfield Scott,NYI,79.0,4,15,19,18,18:44,1888,23.9,77:53:00, D,18.0,44.0,,1422.0
189,Reilly Mike,MTL,57.0,3,8,11,0,18:41,1329,23.3,96:46:00, D,18.0,41.0,,1026.0
190,Voracek Jakub,PHI,78.0,20,46,66,-16,18:40,1777,22.8,22:04, RW,18.0,40.0,,1404.0
191,Parise Zach,MIN,74.0,28,33,61,-2,18:40,1665,22.5,22:38, LW,18.0,40.0,,1332.0
192,Pelech Adam,NYI,78.0,5,16,21,22,18:38,1898,24.3,69:11:00, D,18.0,38.0,,1404.0
193,Forsberg Filip,NSH,64.0,28,22,50,8,18:37,1577,24.6,23:49, C,18.0,37.0,,1152.0
194,Chiarot Ben,WPG,78.0,5,15,20,6,18:37,1629,20.9,72:36:00, D,18.0,37.0,,1404.0
195,Oshie T.J.,WSH,69.0,25,29,54,5,18:37,1422,20.6,23:46, RW,18.0,37.0,,1242.0
196,Dahlstrom Carl,CHI,38.0,0,6,6,9,18:36,963,25.3,117:49:00, D,18.0,36.0,,684.0
197,Couture Logan,SJ,81.0,27,43,70,-6,18:36,1970,24.3,21:31, C,18.0,36.0,,1458.0
198,Maatta Olli,PIT,60.0,1,13,14,9,18:35,1525,25.4,79:40:00, D,18.0,35.0,,1080.0
199,Schenn Brayden,STL,72.0,17,37,54,3,18:35,1642,22.8,24:47:00, C,18.0,35.0,,1296.0
200,Hicketts Joe,DET,11.0,0,0,0,-9,18:35,249,22.6,0:00, D,18.0,35.0,,198.0
201,Daley Trevor,DET,44.0,2,6,8,-3,18:34,1157,26.3,102:04:00, D,18.0,34.0,,792.0
202,Matthews Auston,TOR,68.0,37,36,73,-9,18:33,1591,23.4,17:17, C,18.0,33.0,,1224.0
203,Skinner Jeff,BUF,82.0,40,23,63,0,18:31,1721,21.0,24:06:00, LW,18.0,31.0,,1476.0
204,Haan de Calvin,CAR,74.0,1,13,14,1,18:31,1694,22.9,97:50:00, D,18.0,31.0,,1332.0
205,Hickey Thomas,NYI,40.0,0,4,4,5,18:30,1011,25.3,185:03:00, D,18.0,30.0,,720.0
206,Rakell Rickard,ANA,69.0,18,25,43,-13,18:28,1526,22.1,29:38:00, C,18.0,28.0,,1242.0
207,Bergeron Patrice,BOS,65.0,32,47,79,23,18:28,1510,23.2,15:11, C,18.0,28.0,,1170.0
208,Kane Evander,SJ,75.0,30,26,56,-4,18:25,1734,23.1,24:39:00, LW,18.0,25.0,,1350.0
209,Tarasenko Vladimir,STL,76.0,33,35,68,8,18:24,1768,23.3,20:33, RW,18.0,24.0,,1368.0
210,Dadonov Evgenii,FLA,82.0,28,42,70,-6,18:22,1834,22.4,21:31, RW,18.0,22.0,,1476.0
211,Connauton Kevin,ARI,50.0,1,7,8,-2,18:21,1133,22.7,114:41:00, D,18.0,21.0,,900.0
212,Granlund Mikael,NSH/MIN,79.0,16,38,54,-8,18:21,1730,21.9,26:50:00, C,18.0,21.0,,1422.0
213,Stamkos Steven,TB,82.0,45,53,98,4,18:18,1789,21.8,15:18, C,18.0,18.0,,1476.0
214,Koivu Mikko,MIN,48.0,8,21,29,-2,18:18,1086,22.6,30:17:00, C,18.0,18.0,,864.0
215,Holden Nick,VGS,61.0,3,12,15,5,18:18,1395,22.9,74:23:00, D,18.0,18.0,,1098.0
216,Staal Jordan,CAR,50.0,11,17,28,6,18:17,1279,25.6,32:39:00, C,18.0,17.0,,900.0
217,Hayes Kevin,NYR/WPG,71.0,19,36,55,-2,18:17,1628,22.9,23:35, C,18.0,17.0,,1278.0
218,Smith Reilly,VGS,74.0,19,34,53,13,18:16,1563,21.1,25:30:00, RW,18.0,16.0,,1332.0
219,Pysyk Mark,FLA,70.0,1,10,11,-1,18:16,1798,25.7,116:15:00, D,18.0,16.0,,1260.0
220,Cholowski Dennis,DET,52.0,7,9,16,-20,18:15,1219,23.4,59:19:00, D,18.0,15.0,,936.0
221,Keller Clayton,ARI,82.0,14,33,47,-21,18:14,1905,23.2,31:48:00, C,18.0,14.0,,1476.0
222,Gudbranson Erik,PIT/VAN,76.0,2,8,10,-20,18:14,1870,24.6,138:33:00, D,18.0,14.0,,1368.0
223,Benn Jamie,DAL,78.0,27,26,53,14,18:14,1968,25.2,26:49:00, LW,18.0,14.0,,1404.0
224,Pettersson Elias,VAN,71.0,28,38,66,3,18:14,1598,22.5,19:36, C,18.0,14.0,,1278.0
225,Benn Jordie,MTL,81.0,5,17,22,15,18:12,1947,24.0,66:59:00, D,18.0,12.0,,1458.0
226,Bayreuther Gavin,DAL,19.0,2,3,5,2,18:11,461,24.3,69:07:00, D,18.0,11.0,,342.0
227,Carter Jeff,LA,76.0,13,20,33,-20,18:09,1827,24.0,41:49:00, C,18.0,9.0,,1368.0
228,Palmieri Kyle,NJ,74.0,27,23,50,-9,18:09,1580,21.4,26:52:00, RW,18.0,9.0,,1332.0
229,Marchessault Jonathan,VGS,82.0,25,34,59,2,18:09,1637,20.0,25:13:00, C,18.0,9.0,,1476.0
230,Wilson Tom,WSH,63.0,22,18,40,11,18:09,1340,21.3,28:34:00, RW,18.0,9.0,,1134.0
231,Schwartz Jaden,STL,69.0,11,25,36,-6,18:08,1576,22.8,34:44:00, LW,18.0,8.0,,1242.0
232,Staal Eric,MIN,81.0,22,30,52,-7,18:08,1695,20.9,28:14:00, C,18.0,8.0,,1458.0
233,Stastny Paul,VGS,50.0,13,29,42,14,18:06,1006,20.1,21:33, C,18.0,6.0,,900.0
234,Hischier Nico,NJ,69.0,17,30,47,0,18:06,1485,21.5,26:34:00, C,18.0,6.0,,1242.0
235,Hughes Quinn,VAN,5.0,0,3,3,0,18:05,109,21.8,30:08:00, D,18.0,5.0,,90.0
236,Mueller Mirco,NJ,53.0,1,10,11,-3,18:04,1272,24.0,87:04:00, D,18.0,4.0,,954.0
237,Brannstrom Erik,OTT,2.0,0,0,0,0,18:04,50,25.0,0:00, D,18.0,4.0,,36.0
238,Olofsson Victor,BUF,6.0,2,2,4,1,18:01,125,20.8,27:01:00, RW,18.0,1.0,,108.0
239,Kessel Phil,PIT,82.0,27,55,82,-19,17:59,1786,21.8,17:58, RW,17.0,59.0,,1394.0
240,Nelson Brock,NYI,82.0,25,28,53,20,17:58,1828,22.3,27:48:00, C,17.0,58.0,,1394.0
241,Sergachev Mikhail,TB,75.0,6,26,32,12,17:55,1603,21.4,42:00:00, D,17.0,55.0,,1275.0
242,Barzal Mathew,NYI,82.0,18,44,62,-5,17:55,1601,19.5,23:42, C,17.0,55.0,,1394.0
243,Teravainen Teuvo,CAR,82.0,21,55,76,30,17:55,1898,23.1,19:19, LW,17.0,55.0,,1394.0
244,Toews Devon,NYI,48.0,5,13,18,7,17:54,1078,22.5,47:43:00, D,17.0,54.0,,816.0
245,Backlund Mikael,CGY,77.0,21,26,47,34,17:54,1786,23.2,29:18:00, C,17.0,54.0,,1309.0
246,Merrill Jon,VGS,57.0,3,12,15,16,17:53,1269,22.3,67:56:00, D,17.0,53.0,,969.0
247,Gudas Radko,PHI,77.0,4,16,20,6,17:53,1784,23.2,68:49:00, D,17.0,53.0,,1309.0
248,Pageau Jean-Gabriel,OTT,39.0,4,8,12,-12,17:51,932,23.9,57:59:00, C,17.0,51.0,,663.0
249,Kulak Brett,MTL,57.0,6,11,17,12,17:51,1275,22.4,59:49:00, D,17.0,51.0,,969.0
250,Hoffman Mike,FLA,82.0,36,34,70,-24,17:50,1740,21.2,20:53, LW,17.0,50.0,,1394.0
251,Schmaltz Nick,CHI/ARI,40.0,7,18,25,-12,17:50,847,21.2,28:31:00, C,17.0,50.0,,680.0
252,Mantha Anthony,DET,67.0,25,23,48,-8,17:50,1436,21.4,24:53:00, RW,17.0,50.0,,1139.0
253,Girardi Dan,TB,62.0,4,12,16,6,17:48,1371,22.1,68:58:00, D,17.0,48.0,,1054.0
254,Danault Phillip,MTL,81.0,12,41,53,17,17:47,2017,24.9,27:10:00, C,17.0,47.0,,1377.0
255,Mete Victor,MTL,71.0,0,13,13,17,17:46,1650,23.2,97:04:00, D,17.0,46.0,,1207.0
256,Miller Kevan,BOS,39.0,0,7,7,8,17:45,919,23.6,98:52:00, D,17.0,45.0,,663.0
257,Dillon Brenden,SJ,82.0,1,21,22,19,17:45,1792,21.9,66:08:00, D,17.0,45.0,,1394.0
258,Dubois Pierre-Luc,CBJ,82.0,27,34,61,16,17:43,1820,22.2,23:48, C,17.0,43.0,,1394.0
259,Clifton Connor,BOS,19.0,0,1,1,5,17:42,454,23.9,336:24:00, D,17.0,42.0,,323.0
260,Foligno Nick,CBJ,73.0,17,18,35,12,17:42,1618,22.2,36:55:00, LW,17.0,42.0,,1241.0
261,DeBrincat Alex,CHI,82.0,41,35,76,0,17:42,1666,20.3,19:05, RW,17.0,42.0,,1394.0
262,Saad Brandon,CHI,80.0,23,24,47,-9,17:41,1863,23.3,30:06:00, LW,17.0,41.0,,1360.0
263,Nutivaara Markus,CBJ,80.0,5,16,21,3,17:41,1846,23.1,67:21:00, D,17.0,41.0,,1360.0
264,Krejci David,BOS,81.0,20,53,73,7,17:41,1699,21.0,19:36, C,17.0,41.0,,1377.0
265,Biega Alex,VAN,41.0,2,14,16,0,17:40,991,24.2,45:16:00, D,17.0,40.0,,697.0
266,Harpur Ben,OTT,51.0,1,4,5,-13,17:37,1176,23.1,179:43:00, D,17.0,37.0,,867.0
267,Scandella Marco,BUF,63.0,6,7,13,-13,17:37,1410,22.4,85:20:00, D,17.0,37.0,,1071.0
268,Tkachuk Matthew,CGY,80.0,34,43,77,14,17:36,1696,21.2,18:17, LW,17.0,36.0,,1360.0
269,Dunn Vince,STL,78.0,12,23,35,14,17:32,1820,23.3,39:04:00, D,17.0,32.0,,1326.0
270,Nyquist Gustav,DET/SJ,81.0,22,38,60,1,17:31,1818,22.4,23:39, C,17.0,31.0,,1377.0
271,Compher J.T.,COL,66.0,16,16,32,-8,17:29,1441,21.8,36:02:00, LW,17.0,29.0,,1122.0
272,Sutter Brandon,VAN,26.0,4,2,6,-12,17:28,676,26.0,75:41:00, C,17.0,28.0,,442.0
273,Soderberg Carl,COL,82.0,23,26,49,-5,17:27,1858,22.7,29:12:00, C,17.0,27.0,,1394.0
274,Williams Justin,CAR,82.0,23,30,53,-4,17:27,1814,22.1,26:59:00, RW,17.0,27.0,,1394.0
275,Pilut Lawrence,BUF,33.0,1,5,6,-8,17:25,714,21.6,95:48:00, D,17.0,25.0,,561.0
276,Kreider Chris,NYR,79.0,28,24,52,4,17:24,1783,22.6,26:26:00, LW,17.0,24.0,,1343.0
277,Domi Max,MTL,82.0,28,44,72,20,17:23,1751,21.4,19:47, C,17.0,23.0,,1394.0
278,Wolanin Christian,OTT,30.0,4,8,12,3,17:20,673,22.4,43:18:00, D,17.0,20.0,,510.0
279,Dermott Travis,TOR,64.0,4,13,17,-5,17:18,1453,22.7,65:09:00, D,17.0,18.0,,1088.0
280,Alzner Karl,MTL,9.0,0,1,1,1,17:18,215,23.9,155:42:00, D,17.0,18.0,,153.0
281,Hyman Zach,TOR,71.0,21,20,41,16,17:17,1700,23.9,29:55:00, C,17.0,17.0,,1207.0
282,Claesson Fredrik,NYR,37.0,2,4,6,3,17:15,837,22.6,106:21:00, D,17.0,15.0,,629.0
283,Laine Patrik,WPG,82.0,30,20,50,-24,17:14,1620,19.8,28:15:00, RW,17.0,14.0,,1394.0
284,Ericsson Jonathan,DET,52.0,3,2,5,-10,17:13,1235,23.8,179:05:00, D,17.0,13.0,,884.0
285,Toffoli Tyler,LA,82.0,13,21,34,-16,17:13,1902,23.2,41:30:00, RW,17.0,13.0,,1394.0
286,Chelios Jake,DET,5.0,0,0,0,0,17:12,102,20.4,0:00, D,17.0,12.0,,85.0
287,Zadorov Nikita,COL,70.0,7,7,14,19,17:12,1487,21.2,86:01:00, D,17.0,12.0,,1190.0
288,Pouliot Derrick,VAN,62.0,3,9,12,-1,17:10,1403,22.6,88:39:00, D,17.0,10.0,,1054.0
289,Roy Matt,LA,25.0,2,4,6,-1,17:08,545,21.8,71:22:00, LW,17.0,8.0,,425.0
290,Pateryn Greg,MIN,80.0,1,6,7,-11,17:07,1675,20.9,195:39:00, D,17.0,7.0,,1360.0
291,Juulsen Noah,MTL,21.0,1,4,5,5,17:07,506,24.1,71:53:00, D,17.0,7.0,,357.0
292,Larsson Jacob,ANA,49.0,0,5,5,-4,17:07,1163,23.7,167:43:00, D,17.0,7.0,,833.0
293,Silfverberg Jakob,ANA,73.0,24,19,43,-9,17:06,1639,22.5,29:01:00, LW,17.0,6.0,,1241.0
294,Perron David,STL,57.0,23,23,46,3,17:06,1189,20.9,21:11, LW,17.0,6.0,,969.0
295,Lee Anders,NYI,82.0,28,23,51,20,17:05,1664,20.3,27:28:00, LW,17.0,5.0,,1394.0
296,Lovejoy Ben,DAL/NJ,71.0,2,7,9,-1,17:05,1608,22.6,134:47:00, D,17.0,5.0,,1207.0
297,Forsling Gustav,CHI,43.0,3,6,9,-9,17:05,994,23.1,81:37:00, D,17.0,5.0,,731.0
298,Zucker Jason,MIN,81.0,21,21,42,-9,17:05,1635,20.2,32:56:00, LW,17.0,5.0,,1377.0
299,Jenner Boone,CBJ,77.0,16,22,38,6,17:04,1705,22.1,34:34:00, C,17.0,4.0,,1309.0
300,Tierney Chris,OTT,81.0,9,39,48,-22,17:02,1737,21.4,28:44:00, C,17.0,2.0,,1377.0
301,Zotto Del Michael,STL/VAN/ANA,42.0,1,9,10,-2,17:02,925,22.0,71:31:00, D,17.0,2.0,,714.0
302,Anderson Josh,CBJ,82.0,27,20,47,25,17:01,1814,22.1,29:42:00, RW,17.0,1.0,,1394.0
303,Coleman Blake,NJ,78.0,22,14,36,-19,17:01,1656,21.2,36:51:00, C,17.0,1.0,,1326.0
304,Ouellet Xavier,MTL,19.0,0,3,3,-3,17:01,407,21.4,107:44:00, D,17.0,1.0,,323.0
305,Pacioretty Max,VGS,66.0,22,18,40,-13,17:00,1214,18.4,28:03:00, LW,17.0,0.0,,1122.0
306,Athanasiou Andreas,DET,76.0,30,24,54,-9,16:58,1677,22.1,23:53, C,16.0,58.0,,1216.0
307,Meier Timo,SJ,78.0,30,36,66,9,16:58,1730,22.2,20:03, RW,16.0,58.0,,1248.0
308,Chiasson Alex,EDM,73.0,22,16,38,-1,16:58,1572,21.5,32:36:00, RW,16.0,58.0,,1168.0
309,Weegar Mackenzie,FLA,64.0,4,11,15,-3,16:58,1471,23.0,72:23:00, D,16.0,58.0,,1024.0
310,Hagg Robert,PHI,82.0,5,15,20,-3,16:57,1893,23.1,69:28:00, D,16.0,57.0,,1312.0
311,Methot Marc,DAL,9.0,0,0,0,-3,16:56,228,25.3,0:00, D,16.0,56.0,,144.0
312,Drouin Jonathan,MTL,81.0,18,35,53,-8,16:56,1706,21.1,25:52:00, C,16.0,56.0,,1296.0
313,Iafallo Alex,LA,82.0,15,18,33,-17,16:50,1817,22.2,41:49:00, C,16.0,50.0,,1312.0
314,Bailey Josh,NYI,82.0,16,40,56,8,16:50,1638,20.0,24:38:00, LW,16.0,50.0,,1312.0
315,Dzingel Ryan,OTT/CBJ,78.0,26,30,56,-9,16:49,1583,20.3,23:25, LW,16.0,49.0,,1248.0
316,Carrick Connor,DAL/NJ,34.0,2,9,11,-13,16:48,718,21.1,51:55:00, D,16.0,48.0,,544.0
317,Coyle Charlie,BOS/MIN,81.0,12,22,34,-1,16:47,1676,20.7,39:58:00, C,16.0,47.0,,1296.0
318,Tuch Alex,VGS,74.0,20,32,52,13,16:44,1344,18.2,23:48, RW,16.0,44.0,,1184.0
319,Rosen Calle,TOR,4.0,1,0,1,-3,16:42,101,25.3,66:49:00, D,16.0,42.0,,64.0
320,Riikola Juuso,PIT,37.0,2,3,5,3,16:41,856,23.1,123:28:00, D,16.0,41.0,,592.0
321,Pettersson Marcus,PIT/ANA,84.0,2,23,25,17,16:41,1961,23.3,56:03:00, D,16.0,41.0,,1344.0
322,Nielsen Frans,DET,72.0,10,25,35,-7,16:41,1641,22.8,34:18:00, C,16.0,41.0,,1152.0
323,Santini Steven,NJ,39.0,1,3,4,-6,16:39,837,21.5,162:24:00, D,16.0,39.0,,624.0
324,Kapanen Kasperi,TOR,78.0,20,24,44,12,16:37,1805,23.1,29:26:00, RW,16.0,37.0,,1248.0
325,Panik Richard,ARI,75.0,14,19,33,-3,16:37,1730,23.1,37:44:00, RW,16.0,37.0,,1200.0
326,Riemsdyk van James,PHI,66.0,27,21,48,-10,16:36,1342,20.3,22:49, LW,16.0,36.0,,1056.0
327,Haula Erik,VGS,15.0,2,5,7,1,16:35,289,19.3,35:32:00, LW,16.0,35.0,,240.0
328,Borgen Will,BUF,4.0,0,0,0,-5,16:33,91,22.8,0:00, D,16.0,33.0,,64.0
329,Eller Lars,WSH,81.0,13,23,36,-1,16:32,1576,19.5,37:12:00, C,16.0,32.0,,1296.0
330,Hajek Libor,NYR,5.0,1,0,1,1,16:32,107,21.4,82:39:00, D,16.0,32.0,,80.0
331,Eberle Jordan,NYI,78.0,19,18,37,-6,16:32,1514,19.4,34:50:00, RW,16.0,32.0,,1248.0
332,Petrovic Alex,EDM/FLA,35.0,0,2,2,-15,16:32,785,22.4,289:12:00, D,16.0,32.0,,560.0
333,Bertuzzi Tyler,DET,73.0,21,26,47,11,16:31,1547,21.2,25:39:00, LW,16.0,31.0,,1168.0
334,Kesler Ryan,ANA,60.0,5,3,8,-19,16:30,1358,22.6,123:44:00, C,16.0,30.0,,960.0
335,Sekera Andrej,EDM,24.0,0,4,4,3,16:29,548,22.8,98:56:00, D,16.0,29.0,,384.0
336,Nemeth Patrik,COL,74.0,1,9,10,5,16:29,1528,20.6,122:00:00, D,16.0,29.0,,1184.0
337,Henrique Adam,ANA,82.0,18,24,42,-5,16:27,1772,21.6,32:07:00, C,16.0,27.0,,1312.0
338,Faksa Radek,DAL,81.0,15,15,30,-3,16:26,1953,24.1,44:21:00, C,16.0,26.0,,1296.0
339,Tatar Tomas,MTL,80.0,25,33,58,21,16:25,1737,21.7,22:38, LW,16.0,25.0,,1280.0
340,Gallagher Brendan,MTL,82.0,33,19,52,10,16:24,1775,21.6,25:51:00, RW,16.0,24.0,,1312.0
341,MacDonald Andrew,PHI,47.0,0,9,9,-5,16:24,1014,21.6,85:36:00, D,16.0,24.0,,752.0
342,Smith Zack,OTT,70.0,9,19,28,-6,16:21,1513,21.6,40:52:00, C,16.0,21.0,,1120.0
343,Bozak Tyler,STL,72.0,13,25,38,-3,16:21,1534,21.3,30:58:00, C,16.0,21.0,,1152.0
344,Marleau Patrick,TOR,82.0,16,21,37,-6,16:21,1774,21.6,36:13:00, C,16.0,21.0,,1312.0
345,Anisimov Artem,CHI,78.0,15,22,37,-2,16:21,1611,20.7,34:27:00, C,16.0,21.0,,1248.0
346,Bonino Nick,NSH,81.0,17,18,35,27,16:18,1873,23.1,37:44:00, C,16.0,18.0,,1296.0
347,Ruhwedel Chad,PIT,18.0,1,1,2,-9,16:17,401,22.3,146:29:00, D,16.0,17.0,,288.0
348,Kovalchuk Ilya,LA,64.0,16,18,34,-26,16:14,1263,19.7,30:33:00, LW,16.0,14.0,,1024.0
349,Niederreiter Nino,CAR/MIN,82.0,23,30,53,-4,16:14,1637,20.0,25:06:00, RW,16.0,14.0,,1312.0
350,White Colin,OTT,71.0,14,27,41,-24,16:12,1455,20.5,28:03:00, C,16.0,12.0,,1136.0
351,Kadri Nazem,TOR,73.0,16,28,44,-2,16:11,1499,20.5,26:51:00, C,16.0,11.0,,1168.0
352,DeBrusk Jake,BOS,68.0,27,15,42,2,16:10,1319,19.4,26:10:00, LW,16.0,10.0,,1088.0
353,Strome Dylan,CHI/ARI,78.0,20,37,57,-8,16:09,1511,19.4,22:06, C,16.0,9.0,,1248.0
354,Coburn Braydon,TB,74.0,4,19,23,4,16:07,1504,20.3,51:50:00, D,16.0,7.0,,1184.0
355,Zacha Pavel,NJ,61.0,13,12,25,-6,16:05,1224,20.1,39:14:00, C,16.0,5.0,,976.0
356,Gilmour John,NYR,5.0,0,0,0,-3,16:05,106,21.2,0:00, D,16.0,5.0,,80.0
357,Capobianco Kyle,ARI,2.0,0,0,0,-2,16:05,38,19.0,0:00, D,16.0,5.0,,32.0
358,Holzer Korbinian,ANA,22.0,1,3,4,5,16:04,523,23.8,88:22:00, D,16.0,4.0,,352.0
359,Vesey Jimmy,NYR,81.0,17,18,35,-6,16:03,1681,20.8,37:09:00, LW,16.0,3.0,,1296.0
360,Hamhuis Dan,NSH,57.0,0,5,5,-2,16:03,1197,21.0,182:56:00, D,16.0,3.0,,912.0
361,Sissons Colton,NSH,75.0,15,15,30,20,16:03,1652,22.0,40:06:00, C,16.0,3.0,,1200.0
362,Welinski Andy,ANA,26.0,1,3,4,-5,16:02,551,21.2,104:15:00, D,16.0,2.0,,416.0
363,Andersson Rasmus,CGY,79.0,2,17,19,17,16:02,1639,20.7,66:41:00, D,16.0,2.0,,1264.0
364,Tkachuk Brady,OTT,71.0,22,23,45,-10,16:01,1442,20.3,25:17:00, LW,16.0,1.0,,1136.0
365,Fantenberg Oscar,CGY/LA,61.0,2,2,4,3,16:00,1295,21.2,244:00:00, D,16.0,0.0,,976.0
366,Richardson Brad,ARI,66.0,19,8,27,6,15:58,1549,23.5,39:01:00, C,15.0,58.0,,990.0
367,Johnson Tyler,TB,80.0,29,18,47,15,15:57,1650,20.6,27:08:00, C,15.0,57.0,,1200.0
368,Stone Michael,CGY,14.0,0,5,5,0,15:56,303,21.6,44:37:00, D,15.0,56.0,,210.0
369,Gunnarsson Carl,STL,25.0,3,4,7,8,15:56,568,22.7,56:53:00, D,15.0,56.0,,375.0
370,Johansson Marcus,BOS/NJ,58.0,13,17,30,-16,15:55,1106,19.1,30:47:00, C,15.0,55.0,,870.0
371,Shaw Andrew,MTL,63.0,19,28,47,17,15:55,1267,20.1,21:20, C,15.0,55.0,,945.0
372,Rust Bryan,PIT,72.0,18,17,35,10,15:54,1610,22.4,32:43:00, RW,15.0,54.0,,1080.0
373,Kunin Luke,MIN,49.0,6,11,17,-9,15:53,1014,20.7,45:47:00, C,15.0,53.0,,735.0
374,Steen Alexander,STL,65.0,10,17,27,2,15:50,1429,22.0,38:08:00, LW,15.0,50.0,,975.0
375,Gourde Yanni,TB,80.0,22,26,48,9,15:50,1597,20.0,26:23:00, LW,15.0,50.0,,1200.0
376,Little Bryan,WPG,82.0,15,26,41,-12,15:50,1719,21.0,31:39:00, C,15.0,50.0,,1230.0
377,Koekkoek Slater,CHI/TB,31.0,2,4,6,4,15:50,655,21.1,81:47:00, D,15.0,50.0,,465.0
378,Rodrigues Evan,BUF,74.0,9,20,29,-7,15:49,1528,20.6,40:22:00, RW,15.0,49.0,,1110.0
379,Armia Joel,MTL,57.0,13,10,23,0,15:48,1213,21.3,39:08:00, RW,15.0,48.0,,855.0
380,Namestnikov Vladislav,NYR,78.0,11,20,31,-7,15:48,1651,21.2,39:44:00, C,15.0,48.0,,1170.0
381,Glendening Luke,DET,78.0,10,13,23,2,15:47,1818,23.3,53:32:00, C,15.0,47.0,,1170.0
382,McQuaid Adam,NYR/CBJ,50.0,3,4,7,2,15:47,1147,22.9,112:41:00, D,15.0,47.0,,750.0
383,Ehlers Nikolaj,WPG,62.0,21,16,37,2,15:46,1190,19.2,26:24:00, LW,15.0,46.0,,930.0
384,Galchenyuk Alex,ARI,72.0,19,22,41,-19,15:44,1485,20.6,27:37:00, C,15.0,44.0,,1080.0
385,Comeau Blake,DAL,77.0,7,11,18,-7,15:44,1776,23.1,67:16:00, LW,15.0,44.0,,1155.0
386,Fast Jesper,NYR,66.0,8,12,20,-3,15:43,1420,21.5,51:52:00, RW,15.0,43.0,,990.0
387,Turris Kyle,NSH,55.0,7,16,23,-6,15:42,1109,20.2,37:31:00, C,15.0,42.0,,825.0
388,Hunwick Matt,BUF,14.0,0,2,2,-7,15:41,280,20.0,109:49:00, D,15.0,41.0,,210.0
389,Ryan Bobby,OTT,78.0,15,27,42,-29,15:41,1563,20.0,29:07:00, RW,15.0,41.0,,1170.0
390,Yakovlev Egor,NJ,25.0,2,5,7,-6,15:40,504,20.2,55:58:00, D,15.0,40.0,,375.0
391,Gaunce Cameron,TB,2.0,0,0,0,3,15:40,39,19.5,0:00, D,15.0,40.0,,30.0
392,Simmonds Wayne,PHI/NSH,79.0,17,13,30,-16,15:40,1530,19.4,41:15:00, RW,15.0,40.0,,1185.0
393,Kulikov Dmitry,WPG,57.0,0,6,6,4,15:40,1060,18.6,148:48:00, D,15.0,40.0,,855.0
394,Orpik Brooks,WSH,53.0,2,7,9,8,15:40,1030,19.4,92:14:00, D,15.0,40.0,,795.0
395,Folin Christian,MTL/PHI,45.0,0,6,6,6,15:40,979,21.8,117:26:00, D,15.0,40.0,,675.0
396,Kase Ondrej,ANA,30.0,11,9,20,0,15:39,593,19.8,23:29, RW,15.0,39.0,,450.0
397,Fiala Kevin,NSH/MIN,83.0,13,26,39,-23,15:38,1650,19.9,33:17:00, LW,15.0,38.0,,1245.0
398,Rutta Jan,CHI/TB,37.0,2,6,8,4,15:36,787,21.3,72:06:00, D,15.0,36.0,,555.0
399,Strome Ryan,EDM/NYR,81.0,19,16,35,-3,15:34,1658,20.5,36:02:00, C,15.0,34.0,,1215.0
400,Borowiecki Mark,OTT,53.0,1,4,5,-12,15:34,1214,22.9,165:02:00, D,15.0,34.0,,795.0
401,Lehkonen Artturi,MTL,82.0,11,20,31,10,15:33,1780,21.7,41:09:00, LW,15.0,33.0,,1230.0
402,Thornton Joe,SJ,73.0,16,35,51,8,15:33,1492,20.4,22:15, C,15.0,33.0,,1095.0
403,Lauzon Jeremy,BOS,16.0,1,0,1,-1,15:32,350,21.9,248:37:00, D,15.0,32.0,,240.0
404,Nylander William,TOR,54.0,7,20,27,-4,15:31,1145,21.2,31:01:00, RW,15.0,31.0,,810.0
405,Beaulieu Nathan,BUF/WPG,48.0,3,9,12,6,15:30,929,19.4,62:01:00, D,15.0,30.0,,720.0
406,Valimaki Juuso,CGY,24.0,1,2,3,-2,15:29,475,19.8,123:52:00, D,15.0,29.0,,360.0
407,Hornqvist Patric,PIT,69.0,18,19,37,-3,15:29,1412,20.5,28:51:00, RW,15.0,29.0,,1035.0
408,Bortuzzo Robert,STL,59.0,2,8,10,9,15:28,1323,22.4,91:17:00, D,15.0,28.0,,885.0
409,Sbisa Luca,NYI,9.0,0,1,1,0,15:28,197,21.9,139:13:00, D,15.0,28.0,,135.0
410,Walker Sean,LA,39.0,3,7,10,-8,15:26,783,20.1,60:11:00, D,15.0,26.0,,585.0
411,Jarnkrok Calle,NSH,79.0,10,16,26,13,15:26,1688,21.4,46:53:00, C,15.0,26.0,,1185.0
412,Nelson Casey,BUF,38.0,1,5,6,1,15:25,752,19.8,97:35:00, D,15.0,25.0,,570.0
413,Abdelkader Justin,DET,71.0,6,13,19,-14,15:24,1465,20.6,57:32:00, LW,15.0,24.0,,1065.0
414,Zadina Filip,DET,9.0,1,2,3,-5,15:23,182,20.2,46:09:00, RW,15.0,23.0,,135.0
415,Eakin Cody,VGS,78.0,22,19,41,19,15:23,1421,18.2,29:15:00, C,15.0,23.0,,1170.0
416,Myers Philippe,PHI,21.0,1,1,2,-5,15:22,409,19.5,161:21:00, RW,15.0,22.0,,315.0
417,Hirose Taro,DET,10.0,1,6,7,0,15:18,194,19.4,21:51, LW,15.0,18.0,,150.0
418,Smith Brendan,NYR,63.0,4,9,13,-7,15:18,1291,20.5,74:07:00, D,15.0,18.0,,945.0
419,Gryba Eric,NJ,10.0,0,0,0,-1,15:18,194,19.4,0:00, D,15.0,18.0,,150.0
420,Hinostroza Vinnie,ARI,72.0,16,23,39,-4,15:16,1497,20.8,28:11:00, C,15.0,16.0,,1080.0
421,Trotman Zach,PIT,13.0,0,1,1,4,15:16,273,21.0,198:27:00, D,15.0,16.0,,195.0
422,Konecny Travis,PHI,82.0,24,25,49,-4,15:16,1652,20.1,25:32:00, C,15.0,16.0,,1230.0
423,Bowey Madison,DET/WSH,50.0,2,8,10,-1,15:16,970,19.4,76:17:00, D,15.0,16.0,,750.0
424,Barberio Mark,COL,12.0,1,0,1,-6,15:14,232,19.3,182:42:00, D,15.0,14.0,,180.0
425,Janmark Mattias,DAL,81.0,6,19,25,-4,15:13,1774,21.9,49:18:00, C,15.0,13.0,,1215.0
426,Simek Radim,SJ,41.0,1,8,9,7,15:13,850,20.7,69:19:00, D,15.0,13.0,,615.0
427,Marincin Martin,TOR,24.0,1,4,5,-4,15:12,523,21.8,72:57:00, D,15.0,12.0,,360.0
428,McIlrath Dylan,DET,7.0,0,0,0,2,15:11,133,19.0,0:00, D,15.0,11.0,,105.0
429,Buchnevich Pavel,NYR,64.0,21,17,38,-10,15:10,1235,19.3,25:33:00, LW,15.0,10.0,,960.0
430,Bratt Jesper,NJ,51.0,8,25,33,-8,15:10,961,18.8,23:26, LW,15.0,10.0,,765.0
431,Baertschi Sven,VAN,26.0,9,5,14,-9,15:08,520,20.0,28:06:00, LW,15.0,8.0,,390.0
432,Smith Craig,NSH,76.0,21,17,38,11,15:08,1545,20.3,30:15:00, C,15.0,8.0,,1140.0
433,Bjugstad Nick,PIT/FLA,64.0,14,12,26,6,15:07,1340,20.9,37:13:00, C,15.0,7.0,,960.0
434,Patrick Nolan,PHI,72.0,13,18,31,-8,15:05,1484,20.6,35:01:00, C,15.0,5.0,,1080.0
435,Wennberg Alexander,CBJ,75.0,2,23,25,-1,15:05,1497,20.0,45:13:00, C,15.0,5.0,,1125.0
436,Riemsdyk van Trevor,CAR,78.0,3,11,14,-4,15:04,1563,20.0,83:53:00, D,15.0,4.0,,1170.0
437,Granlund Markus,VAN,77.0,12,10,22,-4,15:03,1663,21.6,52:38:00, C,15.0,3.0,,1155.0
438,Guhle Brendan,BUF/ANA,8.0,0,1,1,-2,15:01,161,20.1,120:07:00, D,15.0,1.0,,120.0
439,Ritchie Nick,ANA,60.0,9,22,31,6,15:00,1153,19.2,29:02:00, LW,15.0,0.0,,900.0
440,Phaneuf Dion,LA,67.0,1,5,6,-21,15:00,1420,21.2,167:29:00, D,15.0,0.0,,1005.0
441,Brassard Derick,PIT/COL/FLA,70.0,14,9,23,-19,15:00,1406,20.1,45:38:00, C,15.0,0.0,,1050.0
442,Goldobin Nikolay,VAN,63.0,7,20,27,-10,14:59,1243,19.7,34:58:00, RW,14.0,59.0,,882.0
443,Grundstrom Carl,LA,15.0,5,1,6,-4,14:58,285,19.0,37:25:00, RW,14.0,58.0,,210.0
444,Steel Sam,ANA,22.0,6,5,11,2,14:58,421,19.1,29:55:00, C,14.0,58.0,,308.0
445,Neal James,CGY,63.0,7,12,19,-5,14:57,1252,19.9,49:35:00, LW,14.0,57.0,,882.0
446,Benning Matthew,EDM,70.0,5,12,17,11,14:57,1499,21.4,61:32:00, D,14.0,57.0,,980.0
447,Howden Brett,NYR,66.0,6,17,23,-16,14:56,1322,20.0,42:52:00, C,14.0,56.0,,924.0
448,Jacobs Josh,NJ,1.0,0,0,0,-1,14:54,19,19.0,0:00, D,14.0,54.0,,14.0
449,Hunt Brad,MIN/VGS,42.0,5,7,12,-2,14:53,771,18.4,52:06:00, D,14.0,53.0,,588.0
450,Palat Ondrej,TB,64.0,8,26,34,4,14:53,1208,18.9,28:01:00, LW,14.0,53.0,,896.0
451,Kerfoot Alexander,COL,78.0,15,27,42,-9,14:53,1486,19.1,27:38:00, C,14.0,53.0,,1092.0
452,Gleason Ben,DAL,4.0,0,1,1,-1,14:53,78,19.5,59:31:00, D,14.0,53.0,,56.0
453,Killorn Alex,TB,82.0,18,22,40,22,14:52,1632,19.9,30:29:00, C,14.0,52.0,,1148.0
454,Kiselevich Bogdan,FLA/WPG,32.0,0,8,8,-3,14:51,628,19.6,59:25:00, D,14.0,51.0,,448.0
455,Laughton Scott,PHI,82.0,12,20,32,-11,14:51,1668,20.3,38:03:00, C,14.0,51.0,,1148.0
456,Cirelli Anthony,TB,82.0,19,20,39,25,14:51,1644,20.0,31:13:00, C,14.0,51.0,,1148.0
457,Manning Brandon,CHI/EDM,39.0,2,2,4,-15,14:50,858,22.0,144:42:00, D,14.0,50.0,,546.0
458,Perry Corey,ANA,31.0,6,4,10,-16,14:49,572,18.5,45:57:00, RW,14.0,49.0,,434.0
459,Virtanen Jake,VAN,70.0,15,10,25,-4,14:49,1522,21.7,41:29:00, RW,14.0,49.0,,980.0
460,Kassian Zack,EDM,79.0,15,11,26,-6,14:48,1564,19.8,44:58:00, RW,14.0,48.0,,1106.0
461,Wallmark Lucas,CAR,81.0,10,18,28,-8,14:48,1763,21.8,42:47:00, C,14.0,48.0,,1134.0
462,Oleksiak Jamie,DAL/PIT,57.0,4,8,12,5,14:44,1175,20.6,69:58:00, D,14.0,44.0,,798.0
463,Hagelin Carl,LA/PIT/WSH,58.0,5,14,19,7,14:44,1153,19.9,44:57:00, LW,14.0,44.0,,812.0
464,Gravel Kevin,EDM,36.0,0,3,3,-2,14:43,752,20.9,176:30:00, D,14.0,43.0,,504.0
465,Miller J.T.,TB,75.0,13,34,47,8,14:40,1360,18.1,23:24, C,14.0,40.0,,1050.0
466,Vatrano Frank,FLA,81.0,24,15,39,-10,14:40,1620,20.0,30:27:00, C,14.0,40.0,,1134.0
467,Svechnikov Andrei,CAR,82.0,20,17,37,0,14:39,1685,20.5,32:27:00, RW,14.0,39.0,,1148.0
468,Beauvillier Anthony,NYI,81.0,18,10,28,1,14:39,1435,17.7,42:21:00, LW,14.0,39.0,,1134.0
469,Lowry Adam,WPG,78.0,12,11,23,6,14:38,1688,21.6,49:38:00, C,14.0,38.0,,1092.0
470,Kampfer Steven,BOS,35.0,3,3,6,-6,14:38,713,20.4,85:19:00, D,14.0,38.0,,490.0
471,Sheary Conor,BUF,78.0,14,20,34,-18,14:37,1480,19.0,33:32:00, LW,14.0,37.0,,1092.0
472,Aberg Pontus,ANA/MIN,59.0,12,13,25,-14,14:36,1107,18.8,34:26:00, LW,14.0,36.0,,826.0
473,Comtois Max,ANA,10.0,2,5,7,3,14:35,190,19.0,20:50, LW,14.0,35.0,,140.0
474,Lindgren Ryan,NYR,5.0,0,0,0,-6,14:35,102,20.4,0:00, D,14.0,35.0,,70.0
475,Gagner Sam,EDM/VAN,32.0,6,7,13,-6,14:35,596,18.6,35:54:00, C,14.0,35.0,,448.0
476,Helm Darren,DET,61.0,7,10,17,-11,14:34,1264,20.7,52:17:00, C,14.0,34.0,,854.0
477,Byron Paul,MTL,56.0,15,16,31,16,14:34,1160,20.7,26:18:00, C,14.0,34.0,,784.0
478,Sautner Ashton,VAN,17.0,0,1,1,-2,14:33,358,21.1,247:15:00, D,14.0,33.0,,238.0
479,Megna Jaycob,ANA,28.0,1,3,4,-1,14:32,599,21.4,101:43:00, D,14.0,32.0,,392.0
480,McCann Jared,PIT/FLA,78.0,19,16,35,-1,14:32,1696,21.7,32:22:00, C,14.0,32.0,,1092.0
481,Ho-Sang Josh,NYI,10.0,1,1,2,2,14:31,177,17.7,72:37:00, RW,14.0,31.0,,140.0
482,Kempe Adrian,LA,81.0,12,16,28,-10,14:30,1696,20.9,41:56:00, RW,14.0,30.0,,1134.0
483,Watson Austin,NSH,37.0,7,9,16,11,14:30,744,20.1,33:30:00, LW,14.0,30.0,,518.0
484,Martinook Jordan,CAR,82.0,15,10,25,1,14:29,1735,21.2,47:30:00, LW,14.0,29.0,,1148.0
485,Pirri Brandon,VGS,31.0,12,6,18,7,14:27,515,16.6,24:52:00, C,14.0,27.0,,434.0
486,Caggiula Drake,CHI/EDM,55.0,12,11,23,-5,14:26,1042,18.9,34:30:00, C,14.0,26.0,,770.0
487,Grabner Michael,ARI,41.0,9,7,16,-2,14:23,898,21.9,36:52:00, RW,14.0,23.0,,574.0
488,Dvorak Christian,ARI,20.0,2,5,7,-2,14:23,405,20.3,41:06:00, C,14.0,23.0,,280.0
489,Heed Tim,SJ,37.0,2,11,13,9,14:22,671,18.1,40:53:00, D,14.0,22.0,,518.0
490,Jaros Christian,OTT,61.0,1,9,10,-14,14:22,1294,21.2,87:38:00, D,14.0,22.0,,854.0
491,McGinn Brock,CAR,82.0,10,16,26,10,14:19,1700,20.7,45:07:00, LW,14.0,19.0,,1148.0
492,Mahura Josh,ANA,17.0,1,4,5,0,14:18,334,19.6,48:38:00, D,14.0,18.0,,238.0
493,Larsson Johan,BUF,73.0,6,8,14,-8,14:18,1380,18.9,74:31:00, LW,14.0,18.0,,1022.0
494,Filppula Valtteri,NYI,72.0,17,14,31,19,14:16,1389,19.3,33:09:00, C,14.0,16.0,,1008.0
495,Shore Devin,DAL/ANA,76.0,10,19,29,-12,14:16,1558,20.5,37:22:00, C,14.0,16.0,,1064.0
496,White Colton,NJ,3.0,0,0,0,-2,14:14,62,20.7,0:00, D,14.0,14.0,,42.0
497,Calvert Matt,COL,82.0,11,15,26,-10,14:12,1577,19.2,44:45:00, LW,14.0,12.0,,1148.0
498,Sobotka Vladimir,BUF,69.0,5,8,13,-20,14:11,1320,19.1,75:17:00, C,14.0,11.0,,966.0
499,Maroon Patrick,STL,74.0,10,18,28,-3,14:10,1287,17.4,37:26:00, LW,14.0,10.0,,1036.0
500,Siegenthaler Jonas,WSH,26.0,0,4,4,6,14:09,481,18.5,91:59:00, D,14.0,9.0,,364.0
501,Kahun Dominik,CHI,82.0,13,24,37,10,14:09,1531,18.7,31:21:00, C,14.0,9.0,,1148.0
502,Vanek Thomas,DET,64.0,16,20,36,-12,14:07,1188,18.6,25:05:00, LW,14.0,7.0,,896.0
503,Tanev Brandon,WPG,80.0,14,15,29,9,14:07,1685,21.1,38:55:00, LW,14.0,7.0,,1120.0
504,Ferland Micheal,CAR,71.0,17,23,40,13,14:06,1406,19.8,25:01:00, LW,14.0,6.0,,994.0
505,Eriksson Loui,VAN,81.0,11,18,29,-11,14:04,1668,20.6,39:17:00, LW,14.0,4.0,,1134.0
506,Hintz Roope,DAL,58.0,9,13,22,-11,14:03,1270,21.9,37:03:00, LW,14.0,3.0,,812.0
507,Pearson Tanner,LA/PIT/VAN,80.0,18,9,27,-15,14:03,1625,20.3,41:38:00, LW,14.0,3.0,,1120.0
508,Vrana Jakub,WSH,82.0,24,23,47,20,14:02,1415,17.3,24:29:00, C,14.0,2.0,,1148.0
509,Butler Chris,STL,13.0,1,1,2,3,14:02,265,20.4,91:15:00, D,14.0,2.0,,182.0
510,Leivo Josh,TOR/VAN,76.0,14,10,24,5,14:02,1439,18.9,44:25:00, LW,14.0,2.0,,1064.0
511,Cizikas Casey,NYI,73.0,20,13,33,22,14:01,1476,20.2,31:01:00, C,14.0,1.0,,1022.0
512,Boedker Mikkel,OTT,71.0,7,28,35,-23,14:01,1277,18.0,28:26:00, LW,14.0,1.0,,994.0
513,Lewis Trevor,LA,44.0,3,9,12,-9,14:01,862,19.6,51:25:00, C,14.0,1.0,,616.0
514,Labanc Kevin,SJ,82.0,17,39,56,-1,14:01,1515,18.5,20:31, RW,14.0,1.0,,1148.0
515,Ozhiganov Igor,TOR,53.0,3,4,7,0,14:01,1016,19.2,106:06:00, D,14.0,1.0,,742.0
516,Clutterbuck Cal,NYI,73.0,8,15,23,6,13:58,1445,19.8,44:20:00, RW,13.0,58.0,,949.0
517,Heinen Danton,BOS,77.0,11,23,34,13,13:58,1345,17.5,31:38:00, C,13.0,58.0,,1001.0
518,Morrow Joe,WPG,41.0,1,6,7,0,13:58,669,16.3,81:45:00, D,13.0,58.0,,533.0
519,Terry Troy,ANA,32.0,4,9,13,8,13:57,585,18.3,34:19:00, RW,13.0,57.0,,416.0
520,Kampf David,CHI,63.0,4,15,19,-6,13:55,1261,20.0,46:09:00, C,13.0,55.0,,819.0
521,Niku Sami,WPG,30.0,1,3,4,0,13:55,484,16.1,104:23:00, D,13.0,55.0,,390.0
522,Schenn Luke,VAN/ANA,26.0,0,2,2,-10,13:54,535,20.6,180:46:00, D,13.0,54.0,,338.0
523,Komarov Leo,NYI,82.0,6,20,26,18,13:53,1517,18.5,43:48:00, C,13.0,53.0,,1066.0
524,Eaves Patrick,ANA,7.0,0,0,0,-4,13:53,137,19.6,0:00, RW,13.0,53.0,,91.0
525,Abramov Vitaly,OTT,1.0,0,0,0,-3,13:52,18,18.0,0:00, RW,13.0,52.0,,13.0
526,Chlapik Filip,OTT,5.0,1,0,1,-2,13:52,85,17.0,69:19:00, C,13.0,52.0,,65.0
527,Fedun Taylor,DAL,54.0,4,7,11,2,13:51,1101,20.4,68:01:00, D,13.0,51.0,,702.0
528,Ladd Andrew,NYI,26.0,3,8,11,3,13:51,473,18.2,32:43:00, LW,13.0,51.0,,338.0
529,Sundqvist Oskar,STL,74.0,14,17,31,-1,13:49,1384,18.7,32:59:00, C,13.0,49.0,,962.0
530,Ryan Derek,CGY,81.0,13,25,38,21,13:48,1579,19.5,29:25:00, C,13.0,48.0,,1053.0
531,Davidson Brandon,CHI,10.0,0,1,1,-4,13:48,201,20.1,137:56:00, D,13.0,48.0,,130.0
532,Brown Connor,TOR,82.0,8,21,29,11,13:48,1632,19.9,38:59:00, RW,13.0,48.0,,1066.0
533,Lewington Tyler,WSH,2.0,1,1,2,3,13:48,40,20.0,13:47, D,13.0,48.0,,26.0
534,Chytil Filip,NYR,75.0,11,12,23,-22,13:47,1300,17.3,44:57:00, C,13.0,47.0,,975.0
535,Okposo Kyle,BUF,78.0,14,15,29,-9,13:47,1361,17.4,37:04:00, RW,13.0,47.0,,1014.0
536,Leipsic Brendan,LA/VAN,62.0,7,16,23,-14,13:47,1128,18.2,37:09:00, LW,13.0,47.0,,806.0
537,Tangradi Eric,NJ,6.0,0,1,1,-3,13:47,103,17.2,82:41:00, LW,13.0,47.0,,78.0
538,Kuraly Sean,BOS,71.0,8,13,21,6,13:46,1304,18.4,46:34:00, C,13.0,46.0,,923.0
539,Nieto Matt,COL,64.0,4,19,23,2,13:46,1240,19.4,38:19:00, LW,13.0,46.0,,832.0
540,Blidh Anton,BOS,1.0,0,0,0,0,13:46,19,19.0,0:00, LW,13.0,46.0,,13.0
541,Roussel Antoine,VAN,65.0,9,22,31,5,13:46,1402,21.6,28:51:00, LW,13.0,46.0,,845.0
542,Lindblom Oskar,PHI,81.0,17,16,33,-9,13:45,1532,18.9,33:44:00, LW,13.0,45.0,,1053.0
543,Kotkaniemi Jesperi,MTL,79.0,11,23,34,1,13:44,1452,18.4,31:55:00, C,13.0,44.0,,1027.0
544,Lyubushkin Ilya,ARI,41.0,0,4,4,-9,13:44,768,18.7,140:49:00, D,13.0,44.0,,533.0
545,Honka Julius,DAL,29.0,0,4,4,-2,13:43,557,19.2,99:25:00, D,13.0,43.0,,377.0
546,Donato Ryan,BOS/MIN,56.0,10,15,25,-15,13:42,977,17.4,30:41:00, C,13.0,42.0,,728.0
547,Wood Miles,NJ,63.0,10,14,24,-10,13:42,1113,17.7,35:56:00, LW,13.0,42.0,,819.0
548,Hanley Joel,DAL,16.0,0,0,0,0,13:42,306,19.1,0:00, D,13.0,42.0,,208.0
549,Lappin Nick,NJ,11.0,0,0,0,-6,13:41,193,17.5,0:00, RW,13.0,41.0,,143.0
550,Johnsson Andreas,TOR,73.0,20,23,43,14,13:40,1406,19.3,23:12, LW,13.0,40.0,,949.0
551,Teves Josh,VAN,1.0,0,0,0,-1,13:40,17,17.0,0:00, D,13.0,40.0,,13.0
552,Lashoff Brian,DET,4.0,0,1,1,-1,13:40,80,20.0,54:38:00, D,13.0,40.0,,52.0
553,Aston-Reese Zach,PIT,43.0,8,9,17,12,13:39,877,20.4,34:32:00, C,13.0,39.0,,559.0
554,Beagle Jay,VAN,57.0,3,10,13,-8,13:39,1239,21.7,59:52:00, C,13.0,39.0,,741.0
555,Greenway Jordan,MIN,81.0,12,12,24,-12,13:38,1448,17.9,45:59:00, LW,13.0,38.0,,1053.0
556,Girgensons Zemgus,BUF,72.0,5,13,18,-11,13:37,1306,18.1,54:26:00, C,13.0,37.0,,936.0
557,Djoos Christian,WSH,45.0,1,9,10,9,13:34,782,17.4,61:04:00, D,13.0,34.0,,585.0
558,Archibald Josh,ARI,68.0,12,10,22,1,13:34,1397,20.5,41:56:00, RW,13.0,34.0,,884.0
559,Wilson Colin,COL,65.0,12,15,27,-6,13:34,1182,18.2,32:39:00, C,13.0,34.0,,845.0
560,Cousins Nick,ARI,81.0,7,20,27,-8,13:33,1532,18.9,40:38:00, C,13.0,33.0,,1053.0
561,Ek Eriksson Joel,MIN,58.0,7,7,14,-7,13:30,1076,18.6,55:57:00, C,13.0,30.0,,754.0
562,Nordstrom Joakim,BOS,70.0,7,5,12,0,13:29,1300,18.6,78:38:00, C,13.0,29.0,,910.0
563,Paajarvi Magnus,OTT,80.0,11,8,19,-14,13:28,1516,19.0,56:42:00, LW,13.0,28.0,,1040.0
564,Kukan Dean,CBJ,25.0,0,5,5,6,13:28,470,18.8,67:19:00, D,13.0,28.0,,325.0
565,Weal Jordan,MTL/PHI/ARI,63.0,8,13,21,-8,13:28,1134,18.0,40:23:00, C,13.0,28.0,,819.0
566,Sheahan Riley,PIT/FLA,82.0,9,10,19,-9,13:28,1627,19.8,58:05:00, C,13.0,28.0,,1066.0
567,Wagner Chris,BOS,76.0,12,7,19,3,13:27,1373,18.1,53:48:00, RW,13.0,27.0,,988.0
568,Mittelstadt Casey,BUF,77.0,12,13,25,-19,13:27,1333,17.3,41:25:00, C,13.0,27.0,,1001.0
569,Boyle Brian,NJ/NSH,73.0,18,6,24,-14,13:26,1255,17.2,40:52:00, C,13.0,26.0,,949.0
570,Donskoi Joonas,SJ,80.0,14,23,37,10,13:25,1469,18.4,29:01:00, RW,13.0,25.0,,1040.0
571,Batherson Drake,OTT,20.0,3,6,9,-2,13:25,338,16.9,29:48:00, RW,13.0,25.0,,260.0
572,Pitlick Tyler,DAL,47.0,8,4,12,-2,13:23,972,20.7,52:24:00, RW,13.0,23.0,,611.0
573,Dickinson Jason,DAL,67.0,6,16,22,9,13:22,1392,20.8,40:43:00, C,13.0,22.0,,871.0
574,Frolik Michael,CGY,65.0,16,18,34,24,13:22,1138,17.5,25:32:00, RW,13.0,22.0,,845.0
575,Rafferty Brogan,VAN,2.0,0,0,0,-1,13:21,35,17.5,0:00, D,13.0,21.0,,26.0
576,Englund Andreas,OTT,3.0,0,0,0,-2,13:20,60,20.0,0:00, D,13.0,20.0,,39.0
577,Connolly Brett,WSH,81.0,22,24,46,13,13:20,1267,15.6,23:28, RW,13.0,20.0,,1053.0
578,Simon Dominik,PIT,71.0,8,20,28,8,13:19,1311,18.5,33:47:00, C,13.0,19.0,,923.0
579,McCoshen Ian,FLA,19.0,1,1,2,-2,13:19,350,18.4,126:32:00, D,13.0,19.0,,247.0
580,Brown Josh,FLA,37.0,1,1,2,-3,13:18,723,19.5,246:03:00, D,13.0,18.0,,481.0
581,Bennett Sam,CGY,71.0,13,14,27,-6,13:17,1276,18.0,34:56:00, C,13.0,17.0,,923.0
582,Tolvanen Eeli,NSH,4.0,1,1,2,2,13:16,68,17.0,26:32:00, RW,13.0,16.0,,52.0
583,Spezza Jason,DAL,76.0,8,19,27,-13,13:16,1513,19.9,37:21:00, C,13.0,16.0,,988.0
584,Pietila Blake,NJ,19.0,0,1,1,-7,13:16,317,16.7,252:01:00, LW,13.0,16.0,,247.0
585,Lucic Milan,EDM,79.0,6,14,20,-9,13:14,1422,18.0,52:16:00, LW,13.0,14.0,,1027.0
586,LaDue Paul,LA,33.0,2,3,5,0,13:13,579,17.5,87:15:00, D,13.0,13.0,,429.0
587,Jones Max,ANA,30.0,2,3,5,-1,13:10,549,18.3,79:02:00, LW,13.0,10.0,,390.0
588,Fischer Christian,ARI,71.0,11,7,18,-13,13:10,1332,18.8,51:56:00, RW,13.0,10.0,,923.0
589,Belpedio Louis,MIN,2.0,0,0,0,0,13:08,31,15.5,0:00, D,13.0,8.0,,26.0
590,Hartman Ryan,PHI/NSH,83.0,12,14,26,1,13:07,1476,17.8,41:52:00, RW,13.0,7.0,,1079.0
591,Prout Dalton,CGY,20.0,1,1,2,1,13:07,343,17.2,131:09:00, D,13.0,7.0,,260.0
592,Thomas Robert,STL,70.0,9,24,33,-2,13:04,1181,16.9,27:43:00, C,13.0,4.0,,910.0
593,Yamamoto Kailer,EDM,17.0,1,1,2,-6,13:04,298,17.5,111:01:00, RW,13.0,4.0,,221.0
594,Wideman Chris,EDM/OTT/PIT/FLA,25.0,2,5,7,-12,13:03,470,18.8,46:38:00, D,13.0,3.0,,325.0
595,Harrington Scott,CBJ,73.0,2,15,17,6,13:03,1338,18.3,56:01:00, D,13.0,3.0,,949.0
596,Roy Kevin,ANA,3.0,0,0,0,-1,13:03,54,18.0,0:00, C,13.0,3.0,,39.0
597,Berglund Patrik,BUF,23.0,2,2,4,-5,13:03,412,17.9,74:59:00, C,13.0,3.0,,299.0
598,Backes David,BOS,70.0,7,13,20,0,13:02,1175,16.8,45:38:00, C,13.0,2.0,,910.0
599,Lundestrom Isac,ANA,15.0,0,2,2,-1,13:02,277,18.5,97:43:00, C,13.0,2.0,,195.0
600,Jost Tyson,COL,70.0,11,15,26,-2,13:00,1143,16.3,35:01:00, C,13.0,0.0,,910.0
601,Thompson Nate,LA/MTL,78.0,5,8,13,-1,13:00,1542,19.8,78:01:00, C,13.0,0.0,,1014.0
602,Acciari Noel,BOS,72.0,6,8,14,-3,12:59,1238,17.2,66:47:00, C,12.0,59.0,,864.0
603,Sorensen Marcus,SJ,80.0,17,13,30,10,12:58,1478,18.5,34:34:00, RW,12.0,58.0,,960.0
604,Crouse Lawson,ARI,81.0,11,14,25,5,12:57,1603,19.8,41:57:00, LW,12.0,57.0,,972.0
605,Falk Justin,OTT,10.0,0,0,0,-4,12:56,190,19.0,0:00, D,12.0,56.0,,120.0
606,Agostino Kenny,MTL/NJ,63.0,6,18,24,-3,12:55,1072,17.0,33:54:00, LW,12.0,55.0,,756.0
607,Anderson Joey,NJ,34.0,4,3,7,-7,12:54,582,17.1,62:39:00, RW,12.0,54.0,,408.0
608,Malgin Denis,FLA,50.0,7,9,16,-10,12:53,944,18.9,40:16:00, C,12.0,53.0,,600.0
609,Hanzal Martin,DAL,7.0,1,1,2,-4,12:52,140,20.0,45:01:00, C,12.0,52.0,,84.0
610,Brickley Daniel,LA,4.0,0,1,1,-2,12:49,74,18.5,51:14:00, D,12.0,49.0,,48.0
611,Garland Conor,ARI,47.0,13,5,18,1,12:47,810,17.2,33:23:00, RW,12.0,47.0,,564.0
612,Sturm Nico,MIN,2.0,0,0,0,0,12:47,37,18.5,0:00, C,12.0,47.0,,24.0
613,Motte Tyler,VAN,74.0,9,7,16,-12,12:46,1425,19.3,59:05:00, C,12.0,46.0,,888.0
614,Ryan Joakim,SJ,44.0,0,7,7,-1,12:46,710,16.1,80:17:00, D,12.0,46.0,,528.0
615,Texier Alexandre,CBJ,2.0,1,0,1,3,12:46,32,16.0,25:32:00, C,12.0,46.0,,24.0
616,Fabbro Dante,NSH,4.0,1,0,1,-1,12:44,67,16.8,50:57:00, D,12.0,44.0,,48.0
617,Noesen Stefan,NJ,41.0,3,5,8,-19,12:44,674,16.4,65:15:00, RW,12.0,44.0,,492.0
618,Jankowski Mark,CGY,79.0,14,18,32,6,12:42,1458,18.5,31:22:00, C,12.0,42.0,,948.0
619,Duclair Anthony,OTT/CBJ,74.0,19,14,33,-2,12:42,1286,17.4,28:28:00, LW,12.0,42.0,,888.0
620,Garrison Jason,CHI/EDM,17.0,1,0,1,1,12:42,305,17.9,215:50:00, D,12.0,42.0,,204.0
621,Brouwer Troy,FLA,75.0,12,9,21,-6,12:41,1384,18.5,45:19:00, RW,12.0,41.0,,900.0
622,Condra Erik,DAL,6.0,1,0,1,-2,12:41,115,19.2,76:06:00, RW,12.0,41.0,,72.0
623,Kuhnhackl Tom,NYI,36.0,4,5,9,1,12:41,629,17.5,50:43:00, RW,12.0,41.0,,432.0
624,Bastian Nathan,NJ,7.0,3,0,3,0,12:41,119,17.0,29:35:00, RW,12.0,41.0,,84.0
625,Dowling Justin,DAL,11.0,0,1,1,-4,12:40,206,18.7,139:21:00, C,12.0,40.0,,132.0
626,Keeper Brady,FLA,1.0,0,0,0,1,12:40,18,18.0,0:00, D,12.0,40.0,,12.0
627,Fabbri Robby,STL,32.0,2,4,6,-4,12:39,521,16.3,67:29:00, C,12.0,39.0,,384.0
628,Rieder Tobias,EDM,67.0,0,11,11,-8,12:39,1220,18.2,77:00:00, C,12.0,39.0,,804.0
629,Carpenter Ryan,VGS,68.0,5,13,18,-6,12:37,1079,15.9,47:39:00, C,12.0,37.0,,816.0
630,Rooney Kevin,NJ,41.0,6,4,10,-4,12:37,738,18.0,51:42:00, C,12.0,37.0,,492.0
631,Cehlarik Peter,BOS,20.0,4,2,6,3,12:36,315,15.8,41:58:00, LW,12.0,36.0,,240.0
632,Cogliano Andrew,DAL/ANA,78.0,6,11,17,1,12:35,1547,19.8,57:46:00, C,12.0,35.0,,936.0
633,Turgeon Dominic,DET,4.0,0,0,0,-3,12:35,76,19.0,0:00, C,12.0,35.0,,48.0
634,Sanford Zach,STL,60.0,8,12,20,8,12:35,1037,17.3,37:44:00, LW,12.0,35.0,,720.0
635,Khaira Jujhar,EDM,60.0,3,15,18,-12,12:34,1073,17.9,41:53:00, LW,12.0,34.0,,720.0
636,Rowney Carter,ANA,62.0,7,13,20,0,12:33,1117,18.0,38:54:00, RW,12.0,33.0,,744.0
637,Friedman Mark,PHI,1.0,0,0,0,-1,12:33,19,19.0,0:00, D,12.0,33.0,,12.0
638,Fleury Haydn,CAR,20.0,0,1,1,4,12:32,340,17.0,250:40:00, D,12.0,32.0,,240.0
639,Leo De Chase,ANA,1.0,0,0,0,1,12:32,18,18.0,0:00, C,12.0,32.0,,12.0
640,Veronneau Max,OTT,12.0,2,2,4,-5,12:31,191,15.9,37:33:00, RW,12.0,31.0,,144.0
641,Foegele Warren,CAR,77.0,10,5,15,-17,12:30,1412,18.3,64:08:00, LW,12.0,30.0,,924.0
642,Holl Justin,TOR,11.0,0,1,1,-5,12:29,191,17.4,137:18:00, D,12.0,29.0,,132.0
643,Lindberg Oscar,OTT/VGS,55.0,9,11,20,4,12:28,896,16.3,34:18:00, C,12.0,28.0,,660.0
644,Nosek Tomas,VGS,68.0,8,9,17,-10,12:28,1055,15.5,49:53:00, C,12.0,28.0,,816.0
645,Pominville Jason,BUF,73.0,16,15,31,-4,12:28,1232,16.9,29:21:00, RW,12.0,28.0,,876.0
646,Bellemare Pierre-Edouard,VGS,76.0,6,9,15,2,12:26,1196,15.7,62:58:00, RW,12.0,26.0,,912.0
647,Kylington Oliver,CGY,38.0,3,5,8,3,12:25,633,16.7,59:00:00, D,12.0,25.0,,456.0
648,Morin Samuel,PHI,5.0,0,0,0,-3,12:22,86,17.2,0:00, D,12.0,22.0,,60.0
649,Dubinsky Brandon,CBJ,61.0,6,8,14,-16,12:21,1178,19.3,53:50:00, C,12.0,21.0,,732.0
650,Bouchard Evan,EDM,7.0,1,0,1,-5,12:21,112,16.0,86:29:00, D,12.0,21.0,,84.0
651,Balcers Rudolfs,OTT,36.0,5,9,14,-7,12:21,585,16.3,31:46:00, LW,12.0,21.0,,432.0
652,Bjorkstrand Oliver,CBJ,77.0,23,13,36,8,12:20,1248,16.2,26:23:00, RW,12.0,20.0,,924.0
653,Seeler Nick,MIN,71.0,2,5,7,-4,12:20,1169,16.5,125:05:00, D,12.0,20.0,,852.0
654,Dauphin Laurent,ARI/NSH,1.0,0,0,0,-1,12:19,17,17.0,0:00, C,12.0,19.0,,12.0
655,Cave Colby,BOS/EDM,53.0,3,5,8,-5,12:19,909,17.2,81:34:00, C,12.0,19.0,,636.0
656,Sceviour Colton,FLA,59.0,5,10,15,-2,12:18,1055,17.9,48:21:00, C,12.0,18.0,,708.0
657,Stafford Drew,NJ,57.0,5,8,13,-7,12:16,868,15.2,53:46:00, RW,12.0,16.0,,684.0
658,L'Esperance Joel,DAL,18.0,2,0,2,-4,12:15,330,18.3,110:14:00, RW,12.0,15.0,,216.0
659,Perreault Mathieu,WPG,82.0,15,15,30,-1,12:14,1350,16.5,33:26:00, C,12.0,14.0,,984.0
660,McLeod Michael,NJ,21.0,0,3,3,-8,12:12,337,16.0,85:22:00, C,12.0,12.0,,252.0
661,Nylander Alexander,BUF,12.0,2,2,4,-4,12:12,190,15.8,36:34:00, LW,12.0,12.0,,144.0
662,Copp Andrew,WPG,69.0,11,14,25,20,12:10,1215,17.6,33:33:00, C,12.0,10.0,,828.0
663,Kuhlman Karson,BOS,11.0,3,2,5,5,12:09,183,16.6,26:43:00, RW,12.0,9.0,,132.0
664,Thompson Tage,BUF,65.0,7,5,12,-22,12:08,1031,15.9,65:42:00, C,12.0,8.0,,780.0
665,Stephenson Chandler,WSH,64.0,5,6,11,-13,12:07,1005,15.7,70:29:00, C,12.0,7.0,,768.0
666,Colle Dal Michael,NYI,28.0,3,4,7,3,12:07,435,15.5,48:26:00, LW,12.0,7.0,,336.0
667,Rask Victor,CAR/MIN,49.0,3,6,9,-4,12:06,839,17.1,65:53:00, C,12.0,6.0,,588.0
668,Schilling Cameron,WPG,4.0,0,1,1,0,12:06,61,15.3,48:23:00, D,12.0,6.0,,48.0
669,Rasmussen Michael,DET,62.0,8,10,18,-8,12:05,1014,16.4,41:35:00, C,12.0,5.0,,744.0
670,Street Ben,ANA,21.0,3,2,5,-4,12:04,373,17.8,50:41:00, RW,12.0,4.0,,252.0
671,MacDonald Jacob,FLA,2.0,1,0,1,1,12:03,33,16.5,24:06:00, D,12.0,3.0,,24.0
672,Sustr Andrej,ANA,5.0,0,0,0,0,12:02,93,18.6,0:00, D,12.0,2.0,,60.0
673,Paquette Cedric,TB,80.0,13,4,17,7,12:00,1400,17.5,56:29:00, C,12.0,0.0,,960.0
674,Borgstrom Henrik,FLA,50.0,8,10,18,-14,12:00,852,17.0,33:20:00, C,12.0,0.0,,600.0
675,Foligno Marcus,MIN,82.0,7,12,19,-1,11:58,1336,16.3,51:39:00, LW,11.0,58.0,,902.0
676,Sprong Daniel,PIT/ANA,63.0,14,9,23,-16,11:57,970,15.4,32:44:00, RW,11.0,57.0,,693.0
677,Puljujarvi Jesse,EDM,46.0,4,5,9,-14,11:57,769,16.7,61:05:00, RW,11.0,57.0,,506.0
678,O'Regan Danny,BUF,1.0,0,0,0,0,11:56,15,15.0,0:00, C,11.0,56.0,,11.0
679,Bitetto Anthony,NSH/MIN,36.0,0,3,3,-7,11:56,563,15.6,143:06:00, D,11.0,56.0,,396.0
680,Nichushkin Valeri,DAL,57.0,0,10,10,-4,11:55,1027,18.0,67:55:00, RW,11.0,55.0,,627.0
681,Weber Yannick,NSH,62.0,2,6,8,7,11:55,1039,16.8,92:19:00, D,11.0,55.0,,682.0
682,Robinson Eric,CBJ,13.0,0,0,0,-4,11:50,197,15.2,0:00, LW,11.0,50.0,,143.0
683,Dotchin Jake,ANA,20.0,0,1,1,-4,11:49,336,16.8,236:11:00, D,11.0,49.0,,220.0
684,Bjork Anders,BOS,20.0,1,2,3,-1,11:48,305,15.3,78:39:00, LW,11.0,48.0,,220.0
685,Karlsson Forsbacka Jakob,BOS,28.0,3,6,9,1,11:48,431,15.4,36:41:00, C,11.0,48.0,,308.0
686,Weise Dale,MTL/PHI,51.0,5,6,11,-8,11:47,905,17.7,54:36:00, RW,11.0,47.0,,561.0
687,Hyka Tomas,VGS,17.0,1,3,4,-2,11:46,258,15.2,50:00:00, LW,11.0,46.0,,187.0
688,Read Matt,MIN,12.0,1,0,1,-2,11:45,191,15.9,141:03:00, RW,11.0,45.0,,132.0
689,Pyatt Tom,OTT/VAN,37.0,0,2,2,-16,11:43,621,16.8,216:42:00, C,11.0,43.0,,407.0
690,Brodziak Kyle,EDM,70.0,6,3,9,-14,11:42,1190,17.0,90:56:00, C,11.0,42.0,,770.0
691,Grant Derek,PIT/ANA,56.0,4,10,14,-6,11:41,969,17.3,46:44:00, C,11.0,41.0,,616.0
692,Hudon Charles,MTL,32.0,3,2,5,-9,11:40,489,15.3,74:42:00, LW,11.0,40.0,,352.0
693,Formenton Alex,OTT,9.0,1,0,1,-2,11:40,138,15.3,105:01:00, LW,11.0,40.0,,99.0
694,Anderson-Dolan Jaret,LA,5.0,0,1,1,-2,11:36,75,15.0,58:01:00, C,11.0,36.0,,55.0
695,Perlini Brendan,CHI/ARI,68.0,14,7,21,-17,11:36,1069,15.7,37:34:00, LW,11.0,36.0,,748.0
696,Senyshyn Zach,BOS,2.0,1,0,1,0,11:36,31,15.5,23:11, RW,11.0,36.0,,22.0
697,Barbashev Ivan,STL,80.0,14,12,26,-4,11:31,1336,16.7,35:25:00, LW,11.0,31.0,,880.0
698,Cullen Matt,PIT,71.0,7,13,20,6,11:31,1307,18.4,40:51:00, C,11.0,31.0,,781.0
699,Karlsson Melker,SJ,79.0,12,4,16,-1,11:30,1405,17.8,56:46:00, RW,11.0,30.0,,869.0
700,Schmaltz Jordan,STL,20.0,0,2,2,-7,11:29,339,17.0,114:51:00, D,11.0,29.0,,220.0
701,Carrick Trevor,CAR,1.0,0,0,0,-1,11:29,13,13.0,0:00, D,11.0,29.0,,11.0
702,Wilson Scott,BUF,15.0,0,3,3,-8,11:27,245,16.3,57:15:00, C,11.0,27.0,,165.0
703,Rose La De Jacob,DET/MTL,60.0,3,6,9,-13,11:26,958,16.0,76:15:00, LW,11.0,26.0,,660.0
704,Martin Matt,NYI,67.0,6,8,14,5,11:26,1072,16.0,54:43:00, LW,11.0,26.0,,737.0
705,Spooner Ryan,EDM/NYR/VAN,52.0,3,6,9,-12,11:26,819,15.8,66:01:00, C,11.0,26.0,,572.0
706,Raffl Michael,PHI,67.0,6,12,18,-1,11:25,1083,16.2,42:29:00, LW,11.0,25.0,,737.0
707,Sherwood Kiefer,ANA,50.0,6,6,12,1,11:22,784,15.7,47:22:00, RW,11.0,22.0,,550.0
708,Poehling Ryan,MTL,1.0,3,0,3,3,11:22,19,19.0,3:47, C,11.0,22.0,,11.0
709,Joseph Mathieu,TB,70.0,13,13,26,5,11:22,1146,16.4,30:34:00, RW,11.0,22.0,,770.0
710,Lindholm Par,TOR/WPG,65.0,1,12,13,5,11:21,1136,17.5,56:44:00, C,11.0,21.0,,715.0
711,Rattie Ty,EDM,50.0,4,7,11,-2,11:21,761,15.2,51:34:00, RW,11.0,21.0,,550.0
712,Mermis Dakota,ARI,1.0,0,0,0,1,11:20,17,17.0,0:00, D,11.0,20.0,,11.0
713,Czarnik Austin,CGY,54.0,6,12,18,-1,11:20,838,15.5,33:59:00, C,11.0,20.0,,594.0
714,Suomela Antti,SJ,27.0,3,5,8,1,11:19,447,16.6,38:11:00, C,11.0,19.0,,297.0
715,Quenneville John,NJ,19.0,1,0,1,-1,11:19,288,15.2,214:59:00, C,11.0,19.0,,209.0
716,Irwin Matt,NSH,44.0,1,6,7,5,11:18,685,15.6,71:00:00, D,11.0,18.0,,484.0
717,Sikura Dylan,CHI,33.0,0,8,8,2,11:17,510,15.5,46:32:00, C,11.0,17.0,,363.0
718,Chaput Michael,MTL/ARI,32.0,0,5,5,-4,11:13,545,17.0,71:49:00, C,11.0,13.0,,352.0
719,Lizotte Blake,LA,1.0,0,0,0,-1,11:12,14,14.0,0:00, C,11.0,12.0,,11.0
720,Kempe Mario,ARI,52.0,4,5,9,5,11:11,918,17.7,64:37:00, RW,11.0,11.0,,572.0
721,Murphy Ryan,NJ/MIN,3.0,0,1,1,1,11:10,44,14.7,33:30:00, D,11.0,10.0,,33.0
722,Callahan Ryan,TB,52.0,7,10,17,7,11:08,845,16.3,34:04:00, RW,11.0,8.0,,572.0
723,Burakovsky Andre,WSH,76.0,12,13,25,2,11:08,1060,13.9,33:49:00, LW,11.0,8.0,,836.0
724,Luff Matt,LA,33.0,8,3,11,-2,11:07,533,16.2,33:20:00, RW,11.0,7.0,,363.0
725,Graves Ryan,COL,26.0,3,2,5,4,11:06,405,15.6,57:44:00, D,11.0,6.0,,286.0
726,Andrighetto Sven,COL,64.0,7,10,17,10,11:04,930,14.5,41:40:00, RW,11.0,4.0,,704.0
727,Hunt Dryden,FLA,31.0,3,7,10,0,11:04,469,15.1,34:17:00, LW,11.0,4.0,,341.0
728,Blueger Teddy,PIT,28.0,6,4,10,7,11:03,454,16.2,30:57:00, C,11.0,3.0,,308.0
729,Fehr Eric,MIN,72.0,7,8,15,-8,11:03,1163,16.2,53:00:00, RW,11.0,3.0,,792.0
730,Goodrow Barclay,SJ,82.0,7,10,17,4,11:01,1411,17.2,53:06:00, LW,11.0,1.0,,902.0
731,Brisebois Guillaume,VAN,8.0,0,0,0,-4,11:01,134,16.8,0:00, D,11.0,1.0,,88.0
732,Stenlund Kevin,CBJ,4.0,0,0,0,0,10:58,59,14.8,0:00, C,10.0,58.0,,40.0
733,Gaudette Adam,VAN,56.0,5,7,12,-8,10:57,897,16.0,51:05:00, C,10.0,57.0,,560.0
734,Kuffner Ryan,DET,10.0,0,0,0,-4,10:56,150,15.0,0:00, LW,10.0,56.0,,100.0
735,Zboril Jakub,BOS,2.0,0,0,0,0,10:56,42,21.0,0:00, D,10.0,56.0,,20.0
736,Lammikko Juho,FLA,40.0,0,6,6,-7,10:56,665,16.6,72:52:00, RW,10.0,56.0,,400.0
737,Kuokkanen Janne,CAR,7.0,0,0,0,-2,10:55,101,14.4,0:00, C,10.0,55.0,,70.0
738,Gibbons Brian,OTT/ANA,64.0,8,11,19,-5,10:55,1037,16.2,36:46:00, C,10.0,55.0,,640.0
739,Plekanec Tomas,MTL,3.0,1,0,1,0,10:53,58,19.3,32:38:00, C,10.0,53.0,,30.0
740,Reaves Ryan,VGS,80.0,9,11,20,1,10:52,1063,13.3,43:29:00, RW,10.0,52.0,,800.0
741,Gurianov Denis,DAL,21.0,1,3,4,-3,10:52,349,16.6,57:04:00, RW,10.0,52.0,,210.0
742,Smith-Pelly Devante,WSH,54.0,4,4,8,-6,10:51,778,14.4,73:15:00, RW,10.0,51.0,,540.0
743,Nash Riley,CBJ,78.0,3,9,12,-8,10:50,1157,14.8,70:27:00, C,10.0,50.0,,780.0
744,Goloubef Cody,OTT,5.0,0,0,0,0,10:49,79,15.8,0:00, D,10.0,49.0,,50.0
745,Fritz Tanner,NYI,8.0,0,1,1,-3,10:49,113,14.1,86:35:00, C,10.0,49.0,,80.0
746,Johnson Luke,CHI,15.0,0,1,1,-8,10:49,238,15.9,162:11:00, C,10.0,49.0,,150.0
747,Tennyson Matt,BUF,4.0,0,0,0,-4,10:45,63,15.8,0:00, D,10.0,45.0,,40.0
748,Andersson Lias,NYR,42.0,2,4,6,-13,10:43,663,15.8,75:01:00, C,10.0,43.0,,420.0
749,Bartkowski Matt,MIN,2.0,1,0,1,2,10:42,33,16.5,21:24, D,10.0,42.0,,20.0
750,Radil Lukas,SJ,36.0,7,4,11,7,10:41,550,15.3,34:57:00, LW,10.0,41.0,,360.0
751,McGinn Jamie,FLA,19.0,4,3,7,-5,10:41,292,15.4,28:58:00, LW,10.0,41.0,,190.0
752,Burgdoerfer Erik,OTT,4.0,0,0,0,-1,10:40,55,13.8,0:00, D,10.0,40.0,,40.0
753,Schaller Tim,VAN,47.0,3,7,10,-2,10:40,761,16.2,50:06:00, LW,10.0,40.0,,470.0
754,McKegg Greg,CAR,41.0,6,5,11,-2,10:40,650,15.9,39:44:00, C,10.0,40.0,,410.0
755,Smith C.J.,BUF,11.0,2,0,2,0,10:39,157,14.3,58:36:00, LW,10.0,39.0,,110.0
756,Clendening Adam,CBJ,4.0,0,0,0,1,10:39,64,16.0,0:00, D,10.0,39.0,,40.0
757,Carey Paul,BOS/OTT,7.0,0,0,0,0,10:39,91,13.0,0:00, C,10.0,39.0,,70.0
758,Ehn Christoffer,DET,60.0,3,6,9,-5,10:37,874,14.6,70:45:00, C,10.0,37.0,,600.0
759,Fortin Alexandre,CHI,24.0,3,3,6,-6,10:35,349,14.5,42:21:00, LW,10.0,35.0,,240.0
760,Erne Adam,TB,65.0,7,13,20,10,10:33,976,15.0,34:16:00, LW,10.0,33.0,,650.0
761,Mangiapane Andrew,CGY,44.0,8,5,13,11,10:33,653,14.8,35:41:00, LW,10.0,33.0,,440.0
762,Hathaway Garnet,CGY,76.0,11,8,19,14,10:32,1160,15.3,42:06:00, RW,10.0,32.0,,760.0
763,Peca Matthew,MTL,39.0,3,7,10,-14,10:31,594,15.2,41:02:00, C,10.0,31.0,,390.0
764,Brown Logan,OTT,2.0,0,0,0,-2,10:31,27,13.5,0:00, C,10.0,31.0,,20.0
765,Clifford Kyle,LA,72.0,11,10,21,4,10:29,1084,15.1,35:57:00, LW,10.0,29.0,,720.0
766,Salomaki Miikka,NSH,37.0,3,4,7,5,10:27,540,14.6,55:16:00, RW,10.0,27.0,,370.0
767,Cracknell Adam,ANA,2.0,0,0,0,-1,10:26,35,17.5,0:00, RW,10.0,26.0,,20.0
768,Kruger Marcus,CHI,74.0,4,8,12,-2,10:25,1231,16.6,64:13:00, C,10.0,25.0,,740.0
769,Puempel Matt,DET,8.0,1,0,1,-2,10:24,116,14.5,83:13:00, LW,10.0,24.0,,80.0
770,Elie Remi,BUF,16.0,0,1,1,-3,10:21,235,14.7,165:36:00, LW,10.0,21.0,,160.0
771,Seney Brett,NJ,51.0,5,8,13,-14,10:20,705,13.8,40:31:00, LW,10.0,20.0,,510.0
772,Kossila Kalle,ANA,8.0,1,0,1,-1,10:18,131,16.4,82:26:00, C,10.0,18.0,,80.0
773,Dowd Nic,WSH,64.0,8,14,22,10,10:18,862,13.5,29:56:00, C,10.0,18.0,,640.0
774,Dea Jean-Sebastien,NJ/PIT/FLA,23.0,4,2,6,0,10:15,339,14.7,39:18:00, C,10.0,15.0,,230.0
775,Prosser Nate,MIN,15.0,0,0,0,1,10:13,209,13.9,0:00, D,10.0,13.0,,150.0
776,Carrick Sam,ANA,6.0,0,1,1,-1,10:13,96,16.0,61:19:00, C,10.0,13.0,,60.0
777,Amadio Michael,LA,43.0,6,7,13,-1,10:12,606,14.1,33:45:00, C,10.0,12.0,,430.0
778,Heatherington Dillon,DAL,5.0,0,1,1,4,10:11,71,14.2,50:56:00, D,10.0,11.0,,50.0
779,Martel Danick,TB,9.0,0,2,2,3,10:11,124,13.8,45:48:00, C,10.0,11.0,,90.0
780,Scherbak Nikita,LA/MTL,8.0,1,0,1,-4,10:11,114,14.3,81:25:00, LW,10.0,11.0,,80.0
781,Lettieri Vinni,NYR,27.0,1,2,3,-7,10:09,359,13.3,91:24:00, C,10.0,9.0,,270.0
782,Giuseppe Di Phil,CAR/NSH,24.0,1,3,4,-3,10:08,339,14.1,60:48:00, LW,10.0,8.0,,240.0
783,Nogier Nelson,WPG,1.0,0,0,0,0,10:06,11,11.0,0:00, D,10.0,6.0,,10.0
784,Jaskin Dmitrij,WSH,37.0,2,6,8,-5,10:05,462,12.5,46:38:00, RW,10.0,5.0,,370.0
785,Dube Dillon,CGY,25.0,1,4,5,2,10:04,350,14.0,50:20:00, C,10.0,4.0,,250.0
786,Deslauriers Nicolas,MTL,48.0,2,3,5,-12,10:02,668,13.9,96:21:00, LW,10.0,2.0,,480.0
787,Necas Martin,CAR,7.0,1,1,2,0,10:01,103,14.7,35:05:00, C,10.0,1.0,,70.0
788,Grimaldi Rocco,NSH,53.0,5,8,13,-2,10:00,747,14.1,40:47:00, C,10.0,0.0,,530.0
789,Zykov Valentin,EDM/CAR/VGS,28.0,2,3,5,-5,9:57,342,12.2,55:43:00, RW,9.0,57.0,,252.0
790,Carrier William,VGS,54.0,8,1,9,-4,9:57,700,13.0,59:40:00, LW,9.0,57.0,,486.0
791,Ennis Tyler,TOR,51.0,12,6,18,-6,9:56,683,13.4,28:09:00, LW,9.0,56.0,,459.0
792,Middleton Jacob,SJ,3.0,0,1,1,-1,9:56,41,13.7,29:48:00, D,9.0,56.0,,27.0
793,Brodzinski Jonny,LA,13.0,2,1,3,0,9:55,176,13.5,43:00:00, C,9.0,55.0,,117.0
794,Alt Mark,COL,2.0,0,0,0,0,9:55,29,14.5,0:00, D,9.0,55.0,,18.0
795,Blais Sammy,STL,32.0,2,2,4,-1,9:51,429,13.4,78:49:00, LW,9.0,51.0,,288.0
796,Boyd Travis,WSH,53.0,5,15,20,6,9:50,695,13.1,26:02:00, C,9.0,50.0,,477.0
797,Carr Daniel,VGS,6.0,1,0,1,-1,9:50,73,12.2,58:57:00, LW,9.0,50.0,,54.0
798,Roslovic Jack,WPG,77.0,9,15,24,-2,9:45,1015,13.2,31:15:00, C,9.0,45.0,,693.0
799,Blackwell Colin,NSH,6.0,0,0,0,-1,9:44,86,14.3,0:00, C,9.0,44.0,,54.0
800,Bourque Gabriel,COL,55.0,2,6,8,3,9:44,757,13.8,66:56:00, LW,9.0,44.0,,495.0
801,Pitlick Rem,NSH,1.0,0,0,0,0,9:43,14,14.0,0:00, C,9.0,43.0,,9.0
802,Knight Corban,PHI,23.0,1,3,4,-5,9:41,304,13.2,55:39:00, C,9.0,41.0,,207.0
803,Kyrou Jordan,STL,16.0,1,2,3,-1,9:40,213,13.3,51:31:00, C,9.0,40.0,,144.0
804,Nieves Boo,NYR,43.0,4,6,10,-4,9:39,573,13.3,41:31:00, C,9.0,39.0,,387.0
805,Ritchie Brett,DAL,53.0,4,2,6,-7,9:36,814,15.4,84:50:00, RW,9.0,36.0,,477.0
806,Witkowski Luke,DET,34.0,0,2,2,-5,9:36,447,13.1,163:09:00, D,9.0,36.0,,306.0
807,Bunting Michael,ARI,5.0,1,0,1,0,9:33,71,14.2,47:47:00, LW,9.0,33.0,,45.0
808,Greco Anthony,FLA,1.0,0,0,0,-3,9:30,16,16.0,0:00, RW,9.0,30.0,,9.0
809,Quine Alan,CGY,13.0,3,2,5,0,9:30,172,13.2,24:41:00, C,9.0,30.0,,117.0
810,Hannikainen Markus,CBJ,44.0,4,3,7,-5,9:29,599,13.6,59:34:00, LW,9.0,29.0,,396.0
811,Bishop Clark,CAR,20.0,1,2,3,-3,9:27,269,13.5,63:02:00, C,9.0,27.0,,180.0
812,Hawryluk Jayce,FLA,42.0,7,5,12,-8,9:26,588,14.0,33:00:00, C,9.0,26.0,,378.0
813,Maenalanen Saku,CAR,34.0,4,4,8,0,9:26,506,14.9,40:04:00, RW,9.0,26.0,,306.0
814,Chartier Rourke,SJ,13.0,1,0,1,-5,9:24,187,14.4,122:14:00, C,9.0,24.0,,117.0
815,Frederic Trent,BOS,15.0,0,0,0,-4,9:24,198,13.2,0:00, C,9.0,24.0,,135.0
816,Carlsson Gabriel,CBJ,1.0,0,0,0,-1,9:21,17,17.0,0:00, D,9.0,21.0,,9.0
817,MacDermid Kurtis,LA,11.0,0,1,1,-1,9:21,146,13.3,102:49:00, D,9.0,21.0,,99.0
818,Vorobyev Mikhail,PHI,15.0,1,1,2,0,9:20,183,12.2,70:00:00, C,9.0,20.0,,135.0
819,Sherwood Kole,CBJ,2.0,0,0,0,0,9:14,25,12.5,0:00, RW,9.0,14.0,,18.0
820,Frk Martin,DET,30.0,1,5,6,-9,9:11,389,13.0,45:55:00, RW,9.0,11.0,,270.0
821,Rychel Kerby,CGY,2.0,0,0,0,-1,9:11,26,13.0,0:00, LW,9.0,11.0,,18.0
822,Brown J.T.,MIN,56.0,3,5,8,0,9:10,692,12.4,64:11:00, RW,9.0,10.0,,504.0
823,Hayden John,CHI,54.0,3,2,5,-12,9:10,712,13.2,98:56:00, C,9.0,10.0,,486.0
824,Lehtera Jori,PHI,27.0,1,2,3,-7,9:07,389,14.4,82:00:00, C,9.0,7.0,,243.0
825,Vaakanainen Urho,BOS,2.0,0,0,0,-1,9:06,25,12.5,0:00, D,9.0,6.0,,18.0
826,Moore Trevor,TOR,25.0,2,6,8,1,9:06,335,13.4,28:25:00, LW,9.0,6.0,,225.0
827,Dries Sheldon,COL,40.0,3,3,6,-7,9:04,519,13.0,60:29:00, C,9.0,4.0,,360.0
828,Gignac Brandon,NJ,1.0,0,0,0,-2,9:04,12,12.0,0:00, C,9.0,4.0,,9.0
829,Kunitz Chris,CHI,56.0,5,5,10,-7,9:04,747,13.3,50:43:00, LW,9.0,4.0,,504.0
830,Lemieux Brendan,NYR/WPG,63.0,12,5,17,6,9:03,795,12.6,33:31:00, LW,9.0,3.0,,567.0
831,Kamenev Vladislav,COL,23.0,2,3,5,-2,9:02,295,12.8,41:34:00, LW,9.0,2.0,,207.0
832,Dalpe Zac,CBJ,1.0,0,1,1,1,9:01,16,16.0,9:01, C,9.0,1.0,,9.0
833,Gaudreau Frederick,NSH,55.0,3,1,4,1,9:01,732,13.3,123:56:00, C,9.0,1.0,,495.0
834,Sedlak Lukas,CBJ,47.0,4,2,6,-5,9:00,620,13.2,70:29:00, C,9.0,0.0,,423.0
835,Elliott Stefan,OTT,3.0,0,1,1,1,8:59,45,15.0,26:57:00, D,8.0,59.0,,24.0
836,Brickley Connor,NYR,14.0,1,3,4,3,8:59,172,12.3,31:25:00, C,8.0,59.0,,112.0
837,Malone Brad,EDM,16.0,0,0,0,0,8:57,218,13.6,0:00, C,8.0,57.0,,128.0
838,Wagner Austin,LA,62.0,12,9,21,2,8:56,827,13.3,26:21:00, LW,8.0,56.0,,496.0
839,Hendricks Matt,WPG/MIN,26.0,0,3,3,-2,8:50,327,12.6,76:37:00, C,8.0,50.0,,208.0
840,Russell Patrick,EDM,6.0,0,0,0,0,8:47,76,12.7,0:00, RW,8.0,47.0,,48.0
841,Gionta Stephen,NYI,5.0,0,0,0,-4,8:47,71,14.2,0:00, RW,8.0,47.0,,40.0
842,Rempal Sheldon,LA,7.0,0,0,0,-1,8:44,85,12.1,0:00, RW,8.0,44.0,,56.0
843,Currie Josh,EDM,21.0,2,3,5,2,8:43,259,12.3,36:34:00, RW,8.0,43.0,,168.0
844,Gambrell Dylan,SJ,8.0,0,0,0,1,8:38,98,12.3,0:00, C,8.0,38.0,,64.0
845,Conacher Cory,TB,1.0,0,0,0,0,8:35,13,13.0,0:00, LW,8.0,35.0,,8.0
846,Paul Nick,OTT,20.0,1,1,2,-10,8:28,225,11.3,84:44:00, LW,8.0,28.0,,160.0
847,Bean Jake,CAR,2.0,0,0,0,0,8:28,26,13.0,0:00, D,8.0,28.0,,16.0
848,Smith Gemel,BOS/DAL,17.0,2,1,3,-4,8:22,220,12.9,47:25:00, C,8.0,22.0,,136.0
849,Gauthier Frederik,TOR,70.0,3,11,14,3,8:22,867,12.4,41:49:00, C,8.0,22.0,,560.0
850,Milano Sonny,CBJ,8.0,1,0,1,0,8:19,94,11.8,66:34:00, LW,8.0,19.0,,64.0
851,Appleton Mason,WPG,36.0,3,7,10,9,8:12,427,11.9,29:32:00, C,8.0,12.0,,288.0
852,Walker Nathan,WSH,3.0,0,1,1,1,8:09,32,10.7,24:26:00, LW,8.0,9.0,,24.0
853,Gambardella Joe,EDM,15.0,0,3,3,2,8:06,169,11.3,40:31:00, C,8.0,6.0,,120.0
854,Haley Micheal,SJ/FLA,43.0,2,4,6,-2,8:05,536,12.5,57:59:00, C,8.0,5.0,,344.0
855,MacEachern Mackenzie,STL,29.0,3,2,5,0,8:02,336,11.6,46:35:00, LW,8.0,2.0,,232.0
856,Nolan Jordan,STL,14.0,0,2,2,2,7:56,165,11.8,55:34:00, C,7.0,56.0,,98.0
857,Martinsen Andreas,CHI,24.0,1,3,4,-5,7:56,293,12.2,47:36:00, C,7.0,56.0,,168.0
858,Johnston Ross,NYI,17.0,1,3,4,3,7:55,189,11.1,33:38:00, LW,7.0,55.0,,119.0
859,Varone Phil,PHI,47.0,3,4,7,-2,7:55,516,11.0,53:07:00, C,7.0,55.0,,329.0
860,Megan Wade,DET,11.0,0,1,1,-4,7:53,123,11.2,86:39:00, C,7.0,53.0,,77.0
861,Jerabek Jakub,STL,1.0,0,0,0,-3,7:52,15,15.0,0:00, D,7.0,52.0,,7.0
862,Nilsson Jacob,CHI,2.0,0,0,0,-2,7:52,21,10.5,0:00, C,7.0,52.0,,14.0
863,Stempniak Lee,BOS,2.0,0,0,0,-1,7:49,21,10.5,0:00, RW,7.0,49.0,,14.0
864,Agozzino Andrew,COL,11.0,1,1,2,2,7:49,113,10.3,42:57:00, LW,7.0,49.0,,77.0
865,Fogarty Steven,NYR,10.0,0,0,0,-1,7:46,112,11.2,0:00, C,7.0,46.0,,70.0
866,Petan Nic,TOR/WPG,18.0,1,2,3,-5,7:38,193,10.7,45:49:00, C,7.0,38.0,,126.0
867,Wilson Garrett,PIT,50.0,2,6,8,2,7:37,590,11.8,47:35:00, LW,7.0,37.0,,350.0
868,Gaunce Brendan,VAN,3.0,1,2,3,3,7:37,37,12.3,7:36, C,7.0,37.0,,21.0
869,Gettinger Tim,NYR,4.0,0,0,0,0,7:31,42,10.5,0:00, LW,7.0,31.0,,28.0
870,McCormick Max,OTT,14.0,1,0,1,-6,7:30,153,10.9,105:00:00, LW,7.0,30.0,,98.0
871,Blandisi Joseph,PIT/ANA,9.0,0,0,0,-1,7:27,100,11.1,0:00, C,7.0,27.0,,63.0
872,Goulbourne Tyrell,PHI,2.0,0,0,0,0,7:25,23,11.5,0:00, LW,7.0,25.0,,14.0
873,Donovan Matt,NSH,2.0,0,1,1,0,7:24,21,10.5,14:47, D,7.0,24.0,,14.0
874,Archibald Darren,OTT/VAN,12.0,1,1,2,-3,7:23,138,11.5,44:15:00, LW,7.0,23.0,,84.0
875,Gabriel Kurtis,NJ,22.0,2,2,4,0,7:22,254,11.5,40:33:00, RW,7.0,22.0,,154.0
876,Beleskey Matt,NYR,4.0,1,0,1,1,7:22,42,10.5,29:29:00, LW,7.0,22.0,,28.0
877,Richard Anthony,NSH,1.0,0,0,0,-1,7:22,12,12.0,0:00, C,7.0,22.0,,7.0
878,Mamin Maxim,FLA,7.0,0,0,0,-2,7:21,79,11.3,0:00, C,7.0,21.0,,49.0
879,MacEwen Zack,VAN,4.0,0,1,1,-4,7:11,47,11.8,28:44:00, C,7.0,11.0,,28.0
880,Lindholm Anton,COL,2.0,0,0,0,-1,7:11,22,11.0,0:00, D,7.0,11.0,,14.0
881,Soshnikov Nikita,STL,5.0,0,0,0,-1,7:10,57,11.4,0:00, RW,7.0,10.0,,35.0
882,Rinaldo Zac,NSH,23.0,1,2,3,1,7:07,251,10.9,54:37:00, C,7.0,7.0,,161.0
883,Kloos Justin,ANA,1.0,0,0,0,0,7:04,10,10.0,0:00, C,7.0,4.0,,7.0
884,Rodewald Jack,OTT,6.0,0,0,0,0,7:04,54,9.0,0:00, RW,7.0,4.0,,42.0
885,Rau Kyle,MIN,6.0,0,1,1,0,7:01,62,10.3,42:05:00, C,7.0,1.0,,42.0
886,Lomberg Ryan,CGY,4.0,0,0,0,0,6:59,43,10.8,0:00, LW,6.0,59.0,,24.0
887,Roy Nicolas,CAR,6.0,0,0,0,0,6:57,70,11.7,0:00, C,6.0,57.0,,36.0
888,Marody Cooper,EDM,6.0,0,0,0,-1,6:55,59,9.8,0:00, C,6.0,55.0,,36.0
889,Dano Marko,COL,8.0,0,0,0,-1,6:53,86,10.8,0:00, C,6.0,53.0,,48.0
890,Vesalainen Kristian,WPG,5.0,0,1,1,0,6:50,50,10.0,34:12:00, LW,6.0,50.0,,30.0
891,O'Connor Logan,COL,5.0,0,0,0,-2,6:49,49,9.8,0:00, RW,6.0,49.0,,30.0
892,Toninato Dominic,COL,2.0,1,0,1,0,6:42,21,10.5,13:24, C,6.0,42.0,,12.0
893,McLeod Cody,NYR/NSH,38.0,1,0,1,-13,6:29,363,9.6,246:26:00, LW,6.0,29.0,,228.0
894,Greer A.J.,COL,15.0,1,1,2,-2,6:16,142,9.5,47:00:00, LW,6.0,16.0,,90.0
895,Bailey Justin,PHI,11.0,0,1,1,0,5:44,98,8.9,63:05:00, RW,5.0,44.0,,55.0
896,Aube-Kubel Nicolas,PHI,9.0,0,0,0,1,5:35,72,8.0,0:00, RW,5.0,35.0,,45.0
897,Boucher Reid,VAN,1.0,0,0,0,0,5:28,10,10.0,0:00, C,5.0,28.0,,5.0
898,Johnson Adam,PIT,6.0,0,2,2,2,5:18,55,9.2,15:55, C,5.0,18.0,,30.0
899,Lazar Curtis,CGY,1.0,0,0,0,-1,4:48,9,9.0,0:00, RW,4.0,48.0,,4.0
900,Peluso Anthony,CGY,4.0,0,0,0,-1,4:07,27,6.8,0:00, RW,4.0,7.0,,16.0
901,MacKenzie Derek,FLA,1.0,0,0,0,0,2:43,4,4.0,0:00, C,2.0,43.0,,2.0
902,Thorburn Chris,STL,1.0,0,0,0,0,1:52,3,3.0,0:00, RW,1.0,52.0,,1.0
903,Gilbert Dennis,CHI,1.0,0,0,0,0,12:46,17,17.0,0:00, D,12.0,46.0,,12.0
904,Stillman Riley,FLA,1.0,0,0,0,0,11:22,19,19.0,0:00, D,11.0,22.0,,11.0
905,Letestu Mark,CBJ,2.0,0,0,0,-1,9:20,27,13.5,0:00, C,9.0,20.0,,18.0
