,ID_players,Distance_total_MSWR,High_Speed_Running_EWMA,Injuries_previous_EWMA,Injury
0,player_13,3.90899949838,124.54,0.0,0
1,player_13,4.69949127917,169.718899083,0.0,0
2,player_13,6.2012246468,128.211689189,0.0,0
3,player_13,2.47667006888,91.9311124105,0.0,0
4,player_13,3.04269922072,127.576267153,0.0,0
5,player_13,3.27613063618,94.4742721265,0.0,0
6,player_13,2.23876678396,79.3603556452,0.0,0
7,player_13,2.61365661983,66.6508236891,0.0,0
8,player_13,3.0424678042,59.1749940012,0.0,0
9,player_13,2.88855458039,69.2978261698,0.0,0
10,player_13,3.34232362349,81.0253032849,0.0,0
11,player_13,1.99463124838,57.5798274491,0.0,0
12,player_13,1.94651831569,53.572384095,0.0,0
13,player_13,2.27335977845,61.8247495696,0.0,0
14,player_13,2.7546188992,72.6330183548,0.0,0
15,player_13,1.99019611588,54.5213279524,0.0,0
16,player_13,1.90232631681,40.5596707401,0.0,0
17,player_13,1.9449649803,48.2039844248,0.0,0
18,player_13,2.05755922823,52.4479183524,0.0,0
19,player_13,2.34087949524,50.8528656794,0.0,0
20,player_13,2.69289701483,36.6290876237,0.0,0
21,player_13,2.88726472694,37.798429058,0.0,0
22,player_13,2.27068564727,30.1021977371,0.0,0
23,player_13,2.68211605387,28.5412229196,0.0,0
24,player_13,2.55423221094,20.3852931731,0.0,0
25,player_13,2.68716079016,43.7864340995,0.0,0
26,player_13,3.05343928179,43.0073898358,0.0,0
27,player_13,3.12083144796,56.2689027466,0.0,0
28,player_13,2.71484144101,83.1731850718,0.0,0
29,player_13,2.67755193385,85.3351960041,0.0,0
30,player_13,3.07827674317,71.3877031108,0.0,0
31,player_13,3.11054001227,69.6197613142,0.0,0
32,player_13,3.71556139263,79.037073659,0.0,0
33,player_13,3.48159153873,76.3636035024,0.0,0
34,player_13,3.33047558814,73.7482738638,0.0,0
35,player_13,2.91122541568,54.6572636414,0.0,0
36,player_13,2.37893211096,97.1324500966,0.0,0
37,player_13,2.39881069225,71.4545558588,0.0,0
38,player_13,2.72585348095,75.73040315,0.0,0
39,player_13,2.00525823093,198.210412937,0.0,0
40,player_13,1.96762008222,151.015974844,0.0,0
41,player_13,2.16316096259,118.814250982,0.0,0
42,player_13,2.11032360574,293.253101281,0.0,0
43,player_13,2.32426691098,209.466478661,0.0,0
44,player_13,2.68009741882,184.658908622,0.0,0
45,player_13,2.24026903887,136.767785383,0.0,0
46,player_13,2.48944018116,123.925559745,0.0,0
47,player_13,2.99988900509,128.943971593,0.0,0
48,player_13,3.56439102073,136.394265792,0.0,0
49,player_13,4.18795257824,122.638760795,0.0,0
50,player_13,4.30618496105,101.404828604,0.0,0
51,player_13,5.09617191516,108.337734842,0.0,0
52,player_13,5.79376125906,92.075524678,0.0,0
53,player_13,4.60080309988,67.7339459751,0.0,0
54,player_13,3.9582359726,63.7785328134,0.285714287588,1
55,player_13,3.7818822891,52.5846662428,0.489795920662,0
56,player_13,1.78362659591,37.5604758375,0.635568515246,0
57,player_13,1.47572900708,78.7946256968,0.739691796853,0
58,player_13,1.49934475652,74.9275897768,0.814065569308,0
59,player_13,1.63849854386,133.039707054,0.867189692428,0
60,player_13,1.33512624224,95.0283621485,0.905135494624,0
61,player_13,1.48570161099,95.8574015352,0.932239639034,0
62,player_13,1.81519041792,87.6838582358,0.951599742176,0
63,player_13,1.6578364801,62.6313273033,0.965428387273,0
64,player_13,2.03447737235,63.6738052169,0.975305990911,0
65,player_13,2.11831610212,49.5955751526,0.982361422081,0
66,player_26,3.18133526323,143.256666667,1.0,0
67,player_26,4.86525570803,142.700733945,1.0,0
68,player_26,6.51868051957,105.785461712,1.0,0
69,player_26,2.51519928385,73.5397398041,1.0,0
70,player_26,2.04884731108,50.055097232,1.3294714969,1
71,player_26,2.43718228576,85.4357205219,1.5411299432,0
72,player_26,2.79121376754,69.0310726444,1.68176516735,0
73,player_26,2.99638548469,97.2869283146,1.77731399309,0
74,player_26,2.01155723835,68.4952896928,1.84321693759,0
75,player_26,2.14166967857,53.8638992312,1.88914627783,0
76,player_26,2.5961552836,44.8436813477,1.92138745846,0
77,player_26,2.44386611351,66.405717866,1.94413477774,0
78,player_26,2.29853103476,64.9481096305,1.96024121607,0
79,player_26,1.98939335844,51.5453532474,1.97167436149,0
80,player_26,2.38005620316,123.324825368,1.97980473139,0
81,player_26,2.82778196605,99.8063149379,1.98559379405,0
82,player_26,2.11334851325,72.509136137,1.98971951775,0
83,player_26,2.02149535448,52.9280469795,1.99266172151,0
84,player_26,1.66673622041,37.7876520966,1.99476088142,0
85,player_26,1.96907961162,51.3227351282,1.99625905145,0
86,player_26,1.63126426109,44.0861122417,1.99732854606,0
87,player_26,1.7701642316,32.7822994595,1.99809215122,0
88,player_26,1.82177919342,162.173327106,1.99863742051,0
89,player_26,1.97624420821,118.50838721,1.99902681547,0
90,player_26,2.08969954517,87.4181986391,1.99930491234,0
91,player_26,1.98574084157,268.993586358,1.99950353133,0
92,player_26,2.1085596555,195.255161263,1.99964539101,0
93,player_26,2.55386783484,150.613961363,1.99974671373,0
94,player_26,2.25535576242,107.579622801,1.99981908422,0
95,player_26,2.26230813122,83.7618847534,1.99987077597,0
96,player_26,2.02413203884,59.8294131471,1.9999076979,0
97,player_26,2.20003343535,61.4753198895,1.99993407033,0
98,player_26,1.92381257796,51.2194038952,1.99995290758,0
99,player_26,2.30957814504,44.4709509354,1.99996636266,0
100,player_26,2.32817053526,36.1477764216,1.99997597338,0
101,player_2,4.10594494195,415.211666667,0.0,0
102,player_2,5.28470800856,481.563211009,0.0,0
103,player_2,7.1535406561,413.510461712,0.0,0
104,player_2,2.49469936407,313.437630463,0.0,0
105,player_2,2.94634128034,287.031270681,0.0,0
106,player_2,3.56236365808,322.173200915,0.0,0
107,player_2,1.5984738082,223.433046368,0.0,0
108,player_2,1.79361134206,200.34619498,0.0,0
109,player_2,2.09922681554,161.939500758,0.0,0
110,player_2,2.47643202114,168.407946691,0.0,0
111,player_2,2.99864247837,176.613263471,0.0,0
112,player_2,3.25533407818,189.827387015,0.0,0
113,player_2,2.58134686044,256.548575878,0.0,0
114,player_2,3.07901237393,241.702120392,0.0,0
115,player_2,2.7627740625,211.482763398,0.0,0
116,player_2,2.77120456701,172.216051143,0.0,0
117,player_2,2.72212900333,157.488392882,0.286385167311,1
118,player_2,3.13728813249,136.556684698,0.490616855285,0
119,player_2,3.08889636223,186.617464392,0.636329051329,0
120,player_2,3.67466382143,167.822143065,0.740323818216,0
121,player_2,3.97099757242,156.969198413,0.814562283189,0
122,player_2,3.13774086276,189.21490118,0.867567575359,0
123,player_2,3.58452975312,178.090039683,0.905417186721,0
124,player_2,4.07577062114,164.775640939,0.932446854411,0
125,player_2,3.82111143778,149.62019498,0.951750817354,0
126,player_2,3.2625911147,117.890827455,0.965537861309,0
127,player_2,2.79514441284,84.205005785,0.975384984137,0
128,player_2,1.90901772588,228.323341063,0.982418252672,0
129,player_2,1.88185494131,200.612670044,0.987441816624,0
130,player_2,1.96691303053,268.451052226,0.991029974919,0
131,player_2,1.50210026452,192.38343368,0.993592893258,0
132,player_2,1.63615231641,177.213652769,0.99542352275,0
133,player_2,2.01972093646,220.74736308,0.996731101743,0
134,player_2,1.64508361582,159.26764415,0.997665079849,0
135,player_2,1.99945649657,209.448592628,0.998332203553,0
136,player_2,2.04077035776,168.168832926,0.998808718692,0
137,player_8,2.7549247196,379.6175,0.0,0
138,player_8,3.89382363744,355.154587156,0.0,0
139,player_8,4.67386653246,378.56411036,0.0,0
140,player_8,5.99441934233,343.988408127,0.0,0
141,player_8,2.56294067815,257.489485807,0.0,0
142,player_8,2.92548714593,249.746529571,0.0,0
143,player_8,3.57496581749,255.555419305,0.0,0
144,player_8,1.59935348316,178.825854465,0.0,0
145,player_8,1.77347007256,149.433764071,0.0,0
146,player_8,2.18160185588,229.073601216,0.0,0
147,player_8,2.61240017997,242.934196344,0.0,0
148,player_8,2.76054975639,281.973423428,0.0,0
149,player_8,1.75456993564,203.569726052,0.0,0
150,player_8,1.72278178218,172.855227031,0.0,0
151,player_8,2.08725368336,161.352347076,0.0,0
152,player_8,2.51041073087,212.674278578,0.0,0
153,player_8,1.84856553811,160.989122112,0.0,0
154,player_8,1.86561115153,131.411309695,0.0,0
155,player_8,2.10165916795,170.820894835,0.0,0
156,player_8,2.40931421807,185.012754925,0.0,0
157,player_8,1.82411889636,132.119713939,0.0,0
158,player_8,2.01919197702,124.982401177,0.0,0
159,player_8,2.22351542274,92.1372106352,0.0,0
160,player_8,2.40417917839,114.140040102,0.0,0
161,player_8,2.6582945761,175.518342921,0.0,0
162,player_8,1.93972724083,125.364558422,0.0,0
163,player_8,2.03751439412,110.647778434,0.0,0
164,player_8,1.95457070994,152.447974074,0.0,0
165,player_8,2.31034194531,166.763430137,0.0,0
166,player_8,2.78469903287,157.159309497,0.0,0
167,player_8,3.10112009797,127.976034412,0.0,0
168,player_8,3.47560585316,125.551416641,0.0,0
169,player_8,2.95559162127,194.84032858,0.0,0
170,player_8,3.50887877547,230.180506211,0.0,0
171,player_8,3.08873757522,191.380148654,0.0,0
172,player_8,2.89229994605,145.159925008,0.0,0
173,player_8,2.71209825048,260.694555628,0.0,0
174,player_8,3.23936461399,249.584660373,0.0,0
175,player_8,2.1326297554,198.620398893,0.0,0
176,player_8,2.24657559288,173.594545102,0.0,0
177,player_8,2.432148302,149.77894343,0.0,0
178,player_8,2.34067642883,198.116413328,0.0,0
179,player_8,2.20844736054,173.451714634,0.0,0
180,player_8,2.27930130655,140.508358846,0.0,0
181,player_8,2.24134798168,435.526026575,0.0,0
182,player_8,2.09286790586,344.055720872,0.0,0
183,player_8,2.15848362468,281.188365966,0.0,0
184,player_8,1.97815298312,412.918346427,0.0,0
185,player_8,2.15015069186,301.441670514,0.0,0
186,player_8,2.58095126355,242.338333996,0.0,0
187,player_8,2.31992575314,192.95595161,0.0,0
188,player_8,2.40852404959,163.639964908,0.0,0
189,player_8,2.90532522794,145.170364308,0.0,0
190,player_8,3.2252414669,201.893117884,0.0,0
191,player_8,3.85726578685,205.206512796,0.0,0
192,player_8,3.85327782511,197.084651959,0.0,0
193,player_8,3.21174322865,211.394751447,0.0,0
194,player_8,2.80623674058,193.993393849,0.0,0
195,player_8,3.36163398875,197.780995613,0.0,0
196,player_8,3.08898906718,186.306425424,0.0,0
197,player_8,2.97510084074,151.69601813,0.0,0
198,player_8,2.66535893888,122.800012932,0.0,0
199,player_8,1.6929180232,87.7142949358,0.0,0
200,player_8,1.5858247016,326.113067887,0.0,0
201,player_8,1.66948902271,270.657905621,0.0,0
202,player_8,1.70356101493,309.30707545,0.0,0
203,player_8,1.45087765673,221.576482454,0.0,0
204,player_8,1.61113191705,174.520344606,0.0,0
205,player_8,1.59013989069,132.234531859,0.0,0
206,player_8,1.96784480014,150.038951329,0.0,0
207,player_8,2.39593138039,186.293536664,0.0,0
208,player_8,2.35214069222,140.641097616,0.0,0
209,player_4,5.92843045678,92.985,0.0,0
210,player_4,2.42528830998,191.369357798,0.0,0
211,player_4,3.0768051701,258.582927928,0.0,0
212,player_4,3.97888803727,337.441816986,0.0,0
213,player_4,4.84797077888,320.055007449,0.0,0
214,player_4,2.65296609251,226.634106233,0.0,0
215,player_4,3.22231206121,175.309440856,0.0,0
216,player_4,3.25153529647,172.952675412,0.0,0
217,player_4,1.73137708361,124.082386284,0.0,0
218,player_4,2.08086161047,204.578036247,0.0,0
219,player_4,2.30331132646,184.495803867,0.0,0
220,player_4,2.04281512465,134.550601077,0.0,0
221,player_4,2.37561160084,125.549425289,0.0,0
222,player_10,2.04974088972,183.725833333,0.0,0
223,player_10,2.59761316911,246.079082569,0.0,0
224,player_10,3.43788280032,297.9775,0.0,0
225,player_10,4.3408080942,288.298567461,0.0,0
226,player_10,2.31681261241,214.233846938,0.0,0
227,player_10,2.85793856867,195.037400707,0.0,0
228,player_10,3.4826313491,149.832162966,0.0,0
229,player_10,2.29802931066,104.845612907,0.0,0
230,player_10,2.35610321443,79.6678593814,0.0,0
231,player_10,2.50636634967,90.615966503,0.0,0
232,player_10,2.68095771552,78.8961116414,0.0,0
233,player_10,2.07936668178,56.066738544,0.0,0
234,player_10,2.41531562783,56.4136494781,0.0,0
235,player_10,2.81889023587,61.1487585893,0.0,0
236,player_10,2.53671203941,84.3413154137,0.0,0
237,player_10,2.94398202202,98.8800496617,0.0,0
238,player_10,1.83969896457,72.652881817,0.0,0
239,player_10,1.8534661139,59.6588873432,0.0,0
240,player_10,1.87896734027,48.4343611601,0.0,0
241,player_10,2.13512431874,43.4517185167,0.0,0
242,player_10,1.68734031284,31.0293667209,0.0,0
243,player_10,1.5352090694,141.228975566,0.0,0
244,player_10,1.89843460071,104.883674817,0.0,0
245,player_10,1.76534275082,85.4611657837,0.0,0
246,player_10,1.96848051106,69.7497673346,0.0,0
247,player_10,1.9540858236,50.1361814169,0.0,0
248,player_10,2.03104655135,59.6123255989,0.0,0
249,player_10,1.867424118,43.7050266538,0.0,0
250,player_10,2.13183531433,43.2750012699,0.0,0
251,player_10,1.88532539869,229.019054421,0.0,0
252,player_10,1.91776873655,179.82971617,0.0,0
253,player_10,2.09445136315,145.909286481,0.0,0
254,player_10,2.54197588352,111.309118188,0.0,0
255,player_10,3.04298081134,120.872300749,0.0,0
256,player_10,3.59254511578,108.183002328,0.0,0
257,player_10,3.75634227227,92.027795481,0.0,0
258,player_10,3.23169964626,108.505614336,0.0,0
259,player_10,3.55385735652,92.1154060329,0.0,0
260,player_10,3.88492806177,86.059567087,0.0,0
261,player_10,3.67110678459,75.3368226926,0.0,0
262,player_10,3.14598860294,65.7748663829,0.0,0
263,player_10,2.65079582307,53.193469438,0.0,0
264,player_10,2.00957436699,37.9953296615,0.0,0
265,player_10,1.68296200679,115.842399006,0.0,0
266,player_10,1.71761529488,88.5617084003,0.0,0
267,player_10,1.82710843218,110.824080446,0.0,0
268,player_10,1.46156345285,79.1600543962,0.0,0
269,player_10,1.59478158783,64.9343235852,0.0,0
270,player_10,1.85428769417,71.6245171769,0.0,0
271,player_10,1.75635083667,78.9346553843,0.0,0
272,player_10,2.1510721918,90.9133255763,0.0,0
273,player_10,2.34127032162,86.0609467529,0.285714290856,1
274,player_7,6.0846182335,95.475,0.0,0
275,player_7,9.04582641962,106.886605505,0.0,0
276,player_7,7.74174295719,155.842668919,0.0,0
277,player_7,9.80076873959,154.38519807,0.0,0
278,player_7,5.08303682728,162.198549361,0.0,0
279,player_7,2.77400078668,132.542831673,0.0,0
280,player_7,3.21884134071,150.038997733,0.0,0
281,player_7,3.90943766859,135.837649457,0.0,0
282,player_7,1.83714373103,95.6370944371,0.0,0
283,player_7,1.77804817414,91.3696880828,0.0,0
284,player_7,2.01479403535,150.265763076,0.0,0
285,player_7,2.31390643745,134.074407563,0.0,0
286,player_7,2.09756443698,103.924679724,0.0,0
287,player_7,2.43736826797,108.481203667,0.287562754408,1
288,player_7,2.87099367843,97.4243784329,0.492055173259,0
289,player_7,3.12007206908,143.184632221,0.637659794295,0
290,player_7,2.31588923823,104.441120188,0.741428654729,0
291,player_7,2.54296081786,103.470604766,0.815430006561,0
292,player_7,2.70817424549,95.0432167348,0.868227393649,0
293,player_7,2.84596503487,113.545521874,0.905908878876,0
294,player_7,2.0951978037,81.0841494426,0.932808459545,0
295,player_7,2.28090283645,75.3976298832,0.952014408014,0
296,player_7,2.56575337795,110.680712884,0.96572884398,0
297,player_7,2.51572178707,117.953554004,0.975522779331,0
298,player_7,2.51780437634,85.6931320213,0.982517381235,0
299,player_7,2.67156090415,99.5080892359,1.27325966574,1
300,player_7,3.20318425761,71.0749038804,1.48091657874,0
301,player_7,3.00488535114,126.182404906,1.62923470755,0
302,player_7,3.0686161673,106.440902074,1.73517202557,0
303,player_7,2.81310470303,102.151946325,1.81083939438,0
304,player_7,2.63441937005,72.965060641,1.8648864211,0
305,player_7,2.88127031182,87.4581186981,1.9034908821,0
306,player_7,2.79398369593,66.7812909579,1.93106521237,0
307,player_7,3.07871103406,90.4839613582,2.23647749811,1
308,player_7,3.1958364351,107.031491778,2.45462798151,0
309,player_7,3.49389484497,94.1967295319,2.61044916901,0
310,player_7,3.94967590169,104.763407822,2.72174971806,0
311,player_7,3.34338099698,94.9338430721,3.08696481472,1
312,player_7,1.87585160547,258.044406625,3.34783238316,0
313,player_7,2.2931488574,241.014558785,3.5341661781,0
314,player_7,2.06023359158,183.650357323,3.66726165279,0
315,player_7,2.15444048338,161.878815326,3.76232980148,0
316,player_7,2.55557503528,161.419153633,3.83023559774,0
317,player_7,3.07738422674,231.159413976,3.87873972555,0
318,player_7,3.68265052559,210.511006065,3.91338552483,0
319,player_7,3.37242159916,177.950714206,3.93813252109,0
320,player_7,4.02017778361,141.97622095,3.95580894534,0
321,player_7,4.56572153467,124.380156605,3.96843496183,0
322,player_7,5.3887370942,150.725827448,3.97745354461,0
323,player_7,4.91488860077,128.284161671,3.98389538924,0
324,player_7,3.88166719231,97.1858289814,3.98849670671,0
325,player_7,2.88629067876,69.4184487727,3.991783362,0
326,player_7,3.04407025312,108.556035341,3.99413097289,0
327,player_7,2.85689756177,101.242882319,3.99580783779,0
328,player_7,2.78733926111,113.519201737,3.99700559843,0
329,player_7,1.86468692671,81.0851439459,3.99786114174,0
330,player_7,2.25787569823,80.3979599591,3.9984722441,0
331,player_7,2.70972187844,80.9671142578,3.99890874579,0
332,player_7,2.70298306629,63.4307958685,3.99922053271,0
333,player_7,3.2347666502,60.590568474,3.99944323765,0
334,player_7,3.58431031369,59.550406052,3.99960231261,0
335,player_19,2.41368924977,100.1925,0.0,0
336,player_19,3.43519753545,71.0296330275,0.0,0
337,player_19,1.91384420909,57.2750112613,0.0,0
338,player_12,4.77161735897,283.050833333,0.0,0
339,player_12,5.41759874838,304.974587156,0.0,0
340,player_12,7.32823232078,200.933344595,0.0,0
341,player_12,2.57430768525,152.171619646,0.0,0
342,player_12,3.02990138663,178.347596448,0.0,0
343,player_12,3.46690406767,229.330461808,0.0,0
344,player_12,1.64490972762,159.044897469,0.0,0
345,player_12,1.87471713256,155.023129288,0.0,0
346,player_12,2.14850808353,245.134679714,0.0,0
347,player_12,2.43558205414,189.912543859,0.0,0
348,player_12,2.10940539203,136.954861687,0.0,0
349,player_12,2.34200147397,112.109011586,0.0,0
350,player_12,2.79816411771,152.011242261,0.0,0
351,player_12,2.58067130858,186.08707143,0.0,0
352,player_12,2.98640891476,190.933015297,0.0,0
353,player_12,2.33600681092,149.900439712,0.0,0
354,player_12,2.65972244447,127.556543031,0.0,0
355,player_12,3.18822277578,125.80889215,0.0,0
356,player_12,2.13974508983,90.7759088109,0.0,0
357,player_12,2.01733412523,73.9369878519,0.0,0
358,player_12,2.23014201042,107.055186605,0.0,0
359,player_12,2.37227047105,111.604257572,0.0,0
360,player_12,2.2183564964,106.675793497,0.0,0
361,player_12,2.4413008019,87.9099679167,0.28577779359,1
362,player_12,1.84662349764,62.78884664,0.489873678175,0
363,player_12,2.22000247113,87.6462802642,0.635640583141,0
364,player_12,2.6792491783,76.3807163966,0.739751705314,0
365,player_12,2.98975573834,72.3088475917,0.814112662557,0
366,player_12,2.47469799936,100.06460943,0.867225525015,0
367,player_12,2.96258985399,117.100938121,0.905162208967,0
368,player_12,3.54830013329,104.58612054,0.932259291939,0
369,player_12,4.07471275189,109.784450092,1.23733265955,1
370,player_12,3.55920363981,100.094502984,1.45523995775,0
371,player_12,2.68202275002,86.9016864885,1.61088687991,0
372,player_12,3.22242023257,83.8583307907,1.72206266718,0
373,player_12,2.8222994586,67.1730280191,1.80147364497,0
374,player_11,2.31062094926,317.833333333,0.0,0
375,player_11,3.16042027432,290.108623853,0.0,0
376,player_11,3.91078627315,222.776092342,0.0,0
377,player_11,2.30826869929,191.898940213,0.0,0
378,player_11,2.75633493238,189.56333647,0.0,0
379,player_11,3.39886293033,165.82155985,0.0,0
380,player_11,1.67495916487,116.422379271,0.0,0
381,player_11,1.88169798518,125.07476279,0.0,0
382,player_11,2.10048059061,111.048491158,0.0,0
383,player_11,1.9730599639,89.7076455,0.0,0
384,player_11,2.28335569562,77.6906410574,0.0,0
385,player_11,2.77093502864,109.777577855,0.0,0
386,player_11,2.43686286537,155.080246765,0.0,0
387,player_11,2.66381225331,150.185857725,0.0,0
388,player_11,1.66301428287,107.077682916,0.0,0
389,player_11,1.66681195908,102.397280718,0.0,0
390,player_11,1.98290480563,85.4669683888,0.0,0
391,player_11,2.38400248134,95.6305553251,0.0,0
392,player_11,1.83450605991,72.1938137223,0.0,0
393,player_11,2.03233184123,90.6713557247,0.0,0
394,player_11,2.44536377262,86.6971163356,0.0,0
395,player_11,2.41182137371,101.247134894,0.0,0
396,player_11,2.12876055063,93.0368276807,0.0,0
397,player_11,2.35613578391,99.1162279288,0.0,0
398,player_11,2.76153367402,71.4243385792,0.0,0
399,player_11,2.9383242523,69.431444456,0.0,0
400,player_11,2.92754280233,90.9727763209,0.0,0
401,player_11,2.16476770422,64.9790508347,0.0,0
402,player_11,2.29073687983,63.8792765822,0.0,0
403,player_11,2.47715654949,49.3247679942,0.0,0
404,player_11,2.64124416572,86.8327678661,0.0,0
405,player_11,3.16999604159,73.5860632891,0.0,0
406,player_11,3.54357985596,76.5500770872,0.0,0
407,player_11,3.27759932939,112.076042286,0.0,0
408,player_11,3.71277238469,117.648632214,0.0,0
409,player_11,4.15799828301,117.249021444,0.0,0
410,player_11,4.05938090092,104.526408267,0.0,0
411,player_11,3.88412119797,95.6217023821,0.0,0
412,player_11,3.2150503765,97.3240755619,0.0,0
413,player_11,2.62486353963,241.891630054,0.0,0
414,player_11,3.08934616413,226.545438854,0.0,0
415,player_11,2.86739703075,195.772440304,0.0,0
416,player_11,3.03195664737,164.80316013,0.0,0
417,player_11,2.96092429138,129.947962264,0.0,0
418,player_11,1.94052648395,355.21715864,0.0,0
419,player_11,2.32534786653,309.846535738,0.0,0
420,player_11,2.1910395681,257.18752043,0.0,0
421,player_11,2.24495902809,218.591083353,0.285714305468,1
422,player_11,2.71637386772,174.81934309,0.489795942556,0
423,player_11,3.24192805449,209.628103435,0.635568535539,0
424,player_11,3.13047535846,173.208644393,0.739691813723,0
425,player_11,2.83050731318,167.003317312,0.814065582569,0
426,player_11,2.74305851724,166.059512354,0.867189702518,0
427,player_11,2.89420118273,192.9510805,0.905135502147,0
428,player_11,2.15234227803,147.319342915,0.932239644569,0
429,player_11,2.56187359199,149.819530665,0.951599746211,0
430,player_11,2.69312278206,133.399664706,0.965428390197,0
431,player_18,2.05236068821,74.7566666667,0.0,0
432,player_18,2.73446210111,101.44293578,0.0,0
433,player_18,3.60802400494,129.101970721,0.0,0
434,player_18,4.53699175287,103.248675632,0.0,0
435,player_18,2.50679085848,85.8101856426,0.0,0
436,player_18,2.77029376077,91.7508319359,0.0,0
437,player_18,3.40146460525,90.9813081745,0.0,0
438,player_18,1.72466316936,63.6645085392,0.0,0
439,player_18,1.97057367606,72.1212995782,0.0,0
440,player_18,2.28912362886,101.149171378,0.0,0
441,player_18,2.59963821737,87.0870872439,0.0,0
442,player_18,1.93057014502,66.653332041,0.0,0
443,player_18,2.32402754432,74.8518752561,0.0,0
444,player_18,2.61273924709,104.320767074,0.0,0
445,player_18,2.52980225362,145.271428648,0.0,0
446,player_18,2.58743535618,250.711108153,0.0,0
447,player_18,1.61956228557,178.911165498,0.0,0
448,player_18,1.58513063902,136.414008783,0.0,0
449,player_18,1.94581242913,144.465343486,0.0,0
450,player_18,2.36639083421,130.097264864,0.0,0
451,player_18,1.78533471368,94.2218840216,0.0,0
452,player_18,1.82952965568,72.0431139561,0.0,0
453,player_18,2.23560961139,56.017238293,0.0,0
454,player_18,2.34063259817,89.5940604964,0.0,0
455,player_18,2.41675054501,87.0667849033,0.0,0
456,player_18,2.36779779828,73.6661841192,0.0,0
457,player_18,2.47175099655,88.1541619936,0.0,0
458,player_18,2.52351462179,108.957033396,0.0,0
459,player_18,2.72021616727,133.404605453,0.0,0
460,player_18,2.33102882745,128.148848776,0.0,0
461,player_18,2.46506417592,126.280566882,0.0,0
462,player_18,2.12505838534,101.757178493,0.0,0
463,player_18,2.26492809369,236.690864543,0.0,0
464,player_18,2.73998749935,210.118984813,0.0,0
465,player_18,2.51905101187,157.498986104,0.0,0
466,player_18,2.47737180027,146.010659328,0.0,0
467,player_18,2.15546507473,292.439452356,0.0,0
468,player_18,2.43964611354,208.885156012,0.0,0
469,player_18,2.88060694133,197.826524211,0.0,0
470,player_18,2.18518740322,151.081755312,0.0,0
471,player_18,2.26884650214,112.221225472,0.0,0
472,player_18,2.74578875654,88.2180056982,0.0,0
473,player_18,3.29665322356,85.0871457631,0.0,0
474,player_18,3.94164382616,69.9965286798,0.0,0
475,player_18,3.81745884348,49.9975166913,0.0,0
476,player_18,3.08239938025,83.463945029,0.0,0
477,player_18,3.66037400387,79.5228174964,0.0,0
478,player_18,3.88187252765,94.3905849539,0.0,0
479,player_18,3.72555351897,111.001847216,0.0,0
480,player_18,2.85206661037,90.1470329901,0.0,0
481,player_18,2.85958617168,66.7135944025,0.0,0
482,player_18,2.51137737601,47.6525670873,0.0,0
483,player_3,2.27009139676,206.636666667,0.0,0
484,player_3,3.24450991151,243.846697248,0.0,0
485,player_3,4.42201110544,375.516711712,0.0,0
486,player_3,2.32388597384,264.32289139,0.0,0
487,player_3,2.94767346439,268.664373089,0.0,0
488,player_3,3.56208225653,226.620352688,0.0,0
489,player_3,1.79226251342,157.165386898,0.0,0
490,player_3,2.09937541832,151.594200946,0.0,0
491,player_3,2.42673802261,166.692102337,0.295945602565,1
492,player_3,1.96673012571,123.742328116,0.502197180211,0
493,player_3,2.28616021125,102.274428284,0.937824692903,1
494,player_3,2.77626666594,125.048666763,1.24517566212,0
495,player_3,2.81916938421,94.8659969849,1.46279820365,0
496,player_3,2.63860280124,72.6730547177,1.61727743188,0
497,player_3,3.12560065827,53.1281564796,1.72713112663,0
498,player_3,2.97471938074,87.0571000648,1.80535019061,0
499,player_3,2.55685956473,65.3900288045,1.86109500884,0
500,player_3,2.48135693208,109.790028269,1.90084866797,0
501,player_3,2.95244146645,92.2233102281,1.92921151916,0
502,player_3,2.71148096583,68.5164113051,1.94945408071,0
503,player_3,2.82578159259,56.4043364891,1.96390458377,0
504,player_3,3.24613045043,40.281789325,1.97422205379,0
505,player_3,3.12230170256,37.0145473011,1.98158947342,0
506,player_3,2.95681647263,79.4341034639,1.98685079309,0
507,player_3,2.28204139977,59.6612209803,1.99060830579,0
508,player_3,2.24808912888,54.4345652359,1.99329195127,0
509,player_3,2.71580358754,43.4409419714,1.99520869185,0
510,player_3,3.21558267999,59.9559139061,1.99657771623,0
511,player_3,3.58066957069,55.5969012476,1.997555552,0
512,player_3,3.33362518085,57.3578385781,1.99825398633,0
513,player_3,2.97111531719,73.7016578234,1.99875285789,0
514,player_3,2.97680527798,112.321765711,1.99910918958,0
515,player_3,3.49342060709,92.1124724246,1.99936370958,0
516,player_3,3.1983667699,87.0488699721,1.99954550824,0
517,player_3,3.81255800887,100.22355085,1.99967536374,0
518,player_3,3.38824907119,98.8111022137,1.99976811732,0
519,player_3,2.57313691494,78.5821592289,1.9998343697,0
520,player_3,1.71928973496,344.873503432,1.99988169274,0
521,player_3,1.83319092051,268.906679647,1.99991549486,0
522,player_3,2.22921346807,250.981895744,1.99993963921,0
523,player_3,2.18719321896,213.644184033,1.99995688516,0
524,player_3,2.18690101972,173.148681799,1.99996920369,0
525,player_3,1.91908979833,129.414756451,1.99997800264,0
526,player_17,2.85421416569,212.935833333,0.0,0
527,player_17,2.67451985011,135.238990826,0.0,0
528,player_17,2.07535176761,88.7953265766,0.0,0
529,player_17,2.58863892058,83.9886493203,0.0,0
530,player_17,3.27199372337,94.4069830628,0.0,0
531,player_17,3.11595032584,97.2457109971,0.0,0
532,player_17,2.78022284995,159.628288121,0.0,0
533,player_17,2.16130327757,116.126118109,0.0,0
534,player_17,1.81313934844,96.4853572954,0.0,0
535,player_17,2.1804352497,111.459307798,0.0,0
536,player_17,1.74507020792,79.3648332465,0.0,0
537,player_17,1.8675019962,68.2230775129,0.0,0
538,player_17,2.0332014417,114.374671949,0.0,0
539,player_17,2.34633432981,158.390559288,0.0,0
540,player_17,2.56440112478,119.354021676,0.0,0
541,player_17,2.56886495843,110.199993759,0.0,0
542,player_17,2.75682317037,81.1977696525,0.0,0
543,player_17,3.03640492579,83.6997362299,0.0,0
544,player_17,3.07074175007,129.854976171,0.0,0
545,player_17,2.11431629851,93.3738386039,0.0,0
546,player_17,2.32812533891,81.7570866045,0.0,0
547,player_17,2.33277367984,58.5449514154,0.0,0
548,player_17,2.68673811536,85.2861421438,0.0,0
549,player_17,3.07642658897,69.6723459916,0.0,0
550,player_17,3.57747311594,69.2287481512,0.0,0
551,player_17,3.13921473859,99.9468744105,0.0,0
552,player_17,2.98492283017,124.224019282,0.0,0
553,player_17,3.45300777561,93.1439301434,0.0,0
554,player_17,3.44488601654,115.549447324,0.0,0
555,player_17,3.53745971084,104.432134256,0.0,0
556,player_17,2.68798851099,242.171571089,0.0,0
557,player_17,3.2117461612,212.227814162,0.0,0
558,player_17,2.57130796495,164.507925417,0.0,0
559,player_17,2.75015952155,147.334100498,0.0,0
560,player_17,2.75301350967,108.275571728,0.0,0
561,player_17,2.85990873205,185.359996246,0.0,0
562,player_17,2.58419741702,166.351372669,0.0,0
563,player_17,2.74924152009,147.902372153,0.0,0
564,player_17,2.50534028296,346.104834669,0.0,0
565,player_17,1.7643589824,259.614793656,0.0,0
566,player_17,2.1092253651,221.039110211,0.0,0
567,player_15,1.7717615833,48.3525,0.0,0
568,player_15,1.72374481864,173.63853211,0.0,0
569,player_15,2.27456950606,139.70990991,0.0,0
570,player_15,2.16467517224,98.8497719632,0.0,0
571,player_15,2.64950125697,86.3068672077,0.0,0
572,player_15,3.14678595884,59.063316287,0.0,0
573,player_15,2.94308180622,86.7283929443,0.0,0
574,player_15,2.89400248875,172.112913521,0.0,0
575,player_15,1.89676189003,121.17685362,0.0,0
576,player_15,1.8808996382,99.1861423275,0.292948355123,1
577,player_15,2.30988909611,73.729656885,0.498590343063,0
578,player_15,2.28469299342,80.3734600904,0.643678204742,0
579,player_15,2.53367497757,131.901904395,0.746408933994,0
580,player_15,2.90186024857,153.111985527,0.819332279428,0
581,player_15,2.37804455801,134.73274485,0.871189729914,0
582,player_15,2.51232354421,110.607123475,0.908113760978,0
583,player_15,2.8309895334,78.9308839129,0.934428616914,0
584,player_15,2.94296833651,66.1120390566,0.953194698611,0
585,player_15,2.90194676268,115.004177893,0.966583644285,0
586,player_15,2.00338067717,82.1177658363,0.976139332292,0
587,player_15,2.04393730427,76.489257652,0.982960825629,0
588,player_15,2.14091791207,65.5904368682,0.987831282575,0
589,player_15,2.2438574492,67.5537800258,0.991309141012,0
590,player_15,2.54676097588,96.4962747131,0.993792795518,0
591,player_15,2.91419384222,77.4428860811,0.995566564071,0
592,player_15,3.05276779198,82.1911712838,0.996833403687,0
593,player_15,3.24783738508,66.2038275795,0.997738218769,0
594,player_15,2.83835308548,59.0394623996,0.998384479363,0
595,player_15,2.26868396721,128.67963638,0.998846075761,0
596,player_15,2.6687633828,125.073919566,0.999175778131,0
597,player_15,2.14710217456,92.1949636928,0.999411275058,0
598,player_15,2.30486992903,93.2707045508,0.999579484718,0
599,player_15,2.14800782194,66.6216451873,0.999699633233,0
600,player_15,2.11331451484,131.166528161,0.999785452969,0
601,player_15,1.83927576391,117.410301768,0.999846752457,0
602,player_15,2.05261381804,91.7758293525,0.999890537641,0
603,player_15,1.99230674325,170.600098805,0.999921812688,0
604,player_15,2.08994415867,162.957198147,0.999944151965,0
605,player_15,2.00477393392,135.215101904,0.999960108569,0
606,player_15,1.78082886212,305.91381839,0.999971506132,0
607,player_15,1.93970443498,266.195555617,0.999979647243,0
608,player_15,2.30264489467,249.396816695,0.99998546232,0
609,player_15,1.96327385342,213.506284294,0.999989615944,0
610,player_15,1.97740387592,170.278763014,0.999992582818,0
611,player_15,2.40738105261,136.293395705,0.999994702013,0
612,player_15,2.90444422938,151.26957039,0.999996215724,0
613,player_15,3.48406533863,110.838260651,0.999997296946,0
614,player_15,3.09893434111,83.4187557121,0.999998069247,0
615,player_15,3.5243843812,64.5762531495,0.999998620891,0
616,player_15,3.23982977105,48.1116088117,0.999999014922,0
617,player_15,2.75576554237,43.1540061692,0.999999296373,0
618,player_15,2.89571872616,43.9042901343,0.999999497409,0
619,player_15,2.80658556078,41.4887786363,0.999999641007,0
620,player_15,2.65929376792,59.2919849037,0.999999743576,0
621,player_15,2.69448639839,42.3514176773,0.99999981684,0
622,player_15,3.17143334614,34.6338697333,0.999999869171,0
623,player_15,1.77034413152,91.9584785728,0.999999906551,0
624,player_15,1.76671435146,86.2674846812,0.999999933251,0
625,player_15,1.73565473886,158.073917752,0.999999952322,0
626,player_15,1.37817553476,112.909941196,0.999999965944,0
627,player_15,1.50032614561,97.1956722694,0.999999975674,0
628,player_15,1.83322402779,80.4540516106,0.999999982625,0
629,player_15,1.55973962232,57.9414654261,0.999999987589,0
630,player_15,1.90775617251,75.3839038814,0.999999991135,0
631,player_15,2.05352132757,86.0427884891,0.999999993668,0
632,player_6,1.76887268429,41.1058333333,0.0,0
633,player_6,2.82559196841,33.4565137615,0.0,0
634,player_6,3.08399975995,68.2213738739,0.0,0
635,player_6,2.6619128028,147.235236077,0.0,0
636,player_6,2.74843409436,252.42717047,0.0,0
637,player_6,1.59024700521,172.746228559,0.0,0
638,player_6,1.57766200673,145.12419882,0.0,0
639,player_6,1.91992275695,145.399164721,0.0,0
640,player_6,2.35852661351,128.388458683,0.0,0
641,player_6,1.70407080679,96.4106677638,0.0,0
642,player_6,1.62641098755,69.1845323736,0.0,0
643,player_6,1.93167984837,124.436498928,0.0,0
644,player_6,2.27980089464,97.5036949664,0.0,0
645,player_6,1.8094979314,69.4652638769,0.0,0
646,player_6,2.02124848318,53.1631952226,0.0,0
647,player_6,2.24183185099,37.9237312377,0.0,0
648,player_6,2.54828217327,33.3863216164,0.0,0
649,player_6,2.75387552972,54.5370492812,0.0,0
650,player_6,1.94965937217,38.9363893478,0.0,0
651,player_6,2.08351342543,52.5690593331,0.0,0
652,player_6,2.23101270578,37.5401635632,0.0,0
653,player_6,2.25831503393,69.108152526,0.0,0
654,player_6,2.73341089303,75.4020671063,0.0,0
655,player_6,2.90722338278,76.0444764088,0.0,0
656,player_6,3.32648194972,88.4594538332,0.0,0
657,player_6,3.27945194416,77.8755527171,0.0,0
658,player_6,3.78504365931,68.7275110689,0.0,0
659,player_6,3.3167292296,69.0453834374,0.0,0
660,player_6,2.88716452575,70.0553156141,0.0,0
661,player_6,2.7273113007,62.1192769272,0.0,0
662,player_6,2.4364058225,44.3705379196,0.0,0
663,player_6,2.10976565617,83.2766843729,0.0,0
664,player_6,2.35493873491,134.5553261,0.0,0
665,player_6,2.50126767146,122.807999819,0.0,0
666,player_6,2.17407466876,366.818481785,0.0,0
667,player_6,2.2589286868,325.861612162,0.0,0
668,player_6,2.31887707509,254.898095714,0.285715085673,1
669,player_6,2.04380460455,304.847311117,0.489796897908,0
670,player_6,2.18013392535,230.279401421,0.635569421027,0
671,player_6,2.63643238617,221.785278062,0.739692549833,0
672,player_6,2.28797205131,177.569452105,0.814066161229,0
673,player_6,2.35061719002,152.646738529,1.15290457727,1
674,player_6,2.82366100114,133.599091866,1.39493193091,0
675,player_6,3.07299974871,113.605060308,1.56780856799,0
676,player_6,2.57400398186,125.486473903,1.69129185771,0
677,player_6,2.93242020414,103.296049781,1.77949419603,0
678,player_6,3.40436162696,115.962893927,1.84249586041,0
679,player_6,3.27050385936,122.136353232,1.88749704626,0
680,player_6,2.91661922849,98.9545368777,1.91964074891,0
681,player_6,2.38660793932,75.0246683542,1.94260053575,0
682,player_6,2.35512535574,53.5890482843,1.95900038309,0
683,player_6,2.74608369947,54.0464630685,1.97071455956,0
684,player_6,1.84905944173,189.701761079,1.97908182837,0
685,player_6,1.81054700912,151.938400424,1.98505844889,0
686,player_6,1.78953127782,158.801714633,1.98932746352,0
687,player_6,1.38580690835,113.429795954,1.99237675967,0
688,player_6,1.52509903828,83.398425581,1.99455482834,0
689,player_6,1.55941145297,71.3045896718,1.99611059168,0
690,player_5,4.58840805871,202.008333333,0.0,0
691,player_5,5.28539163343,208.662293578,0.0,0
692,player_5,1.66150316635,128.064132883,0.0,0
693,player_5,1.740157019,154.438234176,0.0,0
694,player_5,2.22181369453,129.023384694,0.0,0
695,player_5,2.77748904653,143.151219101,0.0,0
696,player_5,1.88351196619,101.352886362,0.0,0
697,player_5,1.85909910588,86.420772071,0.0,0
698,player_5,2.0716534136,106.166034183,0.0,0
699,player_5,2.34082201562,125.26156975,0.0,0
700,player_5,2.24614407989,138.79119314,0.0,0
701,player_5,2.05341026595,117.456340482,0.0,0
702,player_5,2.23285049084,109.275190213,0.0,0
703,player_5,2.20719823573,89.6216590648,0.0,0
704,player_5,2.05909511277,71.3860281848,0.0,0
705,player_5,2.26048719701,177.887877047,0.0,0
706,player_5,2.73274701637,156.140395424,0.286385167311,1
707,player_5,2.54378858811,125.033947089,0.490616855285,0
708,player_5,2.67874772194,133.337028877,0.636329051329,0
709,player_5,2.545115225,111.422025817,0.740323818216,0
710,player_5,2.98391811948,131.110595843,0.814562283189,0
711,player_5,2.82601850232,118.070460032,0.867567575359,0
712,player_5,2.7970739605,91.210543381,0.905417186721,0
713,player_21,2.1022958513,123.74,1.0,0
714,player_21,2.92350628134,174.021192661,1.0,0
715,player_21,2.4363174126,106.803547297,1.0,0
716,player_21,2.62171754292,94.1637976904,1.0,0
717,player_21,2.7580832302,63.1395103113,1.0,0
718,player_21,2.67592967245,101.381768914,1.0,0
719,player_21,2.95497977511,152.100864936,1.0,0
720,player_21,1.91311579036,106.433145542,1.0,0
721,player_21,2.08311656263,118.074714638,1.29594560257,1
722,player_21,2.55046731497,103.771594795,1.50219718021,0
723,player_21,2.89218913433,98.2160035525,1.64698032612,0
724,player_21,2.9022185491,77.8462211103,1.74913007315,0
725,player_21,2.48598723554,398.152683727,1.82145809483,0
726,player_21,2.97791931398,314.321617822,1.87280009686,0
727,player_21,2.77347823074,254.612718456,1.90931056291,0
728,player_21,3.09901386698,215.965192594,2.22196149229,1
729,player_21,3.6989901925,269.652332828,2.4447801805,0
730,player_21,3.62141524547,221.740067338,2.60368029824,0
731,player_21,2.26347363613,453.511346017,2.7170499978,0
732,player_21,2.14304581085,368.20098813,2.79796193104,0
733,player_21,2.20436237127,293.812486996,2.85572231554,0
734,player_21,1.95256095537,483.580147282,2.89696247396,0
735,player_21,2.08726770398,363.677086743,2.9264109291,0
736,player_21,2.48744405941,305.379249395,2.94744105142,0
737,player_21,2.1277117526,255.442965818,2.96246027794,0
738,player_21,2.22192235699,198.872847282,2.97318712904,0
739,player_21,2.67045230147,167.398056154,2.98084856979,0
740,player_21,2.92657951156,192.580068263,2.98632072355,0
741,player_21,3.50981394981,180.753845816,2.99022924975,0
742,player_21,3.65236025128,145.980292126,2.99302097507,0
743,player_21,2.91083300739,130.651314074,2.99501502423,0
744,player_23,15.2832941099,120.7075,0.0,0
745,player_23,6.41188557334,96.0737614679,0.0,0
746,player_23,5.47357261725,125.412713964,0.0,0
747,player_23,2.18384036212,82.1825303318,0.0,0
748,player_23,2.17167877835,79.8556278915,0.0,0
749,player_23,2.68582214831,62.3537090331,0.0,0
750,player_23,3.20073496962,106.531893336,0.0,0
751,player_23,3.63406743776,89.2071143185,0.0,0
752,player_23,3.74549914187,74.2863910419,0.0,0
753,player_23,4.08505300986,76.1769651708,0.0,0
754,player_23,2.90434628639,54.021323972,0.0,0
755,player_23,1.70175894134,99.3752158102,0.0,0
756,player_23,1.64270858484,92.7973870346,0.0,0
757,player_23,1.73194057047,162.394076248,0.0,0
758,player_23,1.41471272851,115.781749809,0.0,0
759,player_23,1.50435184918,101.809712619,0.0,0
760,player_23,1.8628493536,109.063931209,0.0,0
761,player_23,1.69682571335,83.4542416673,0.0,0
762,player_23,2.02536883275,98.4337904083,0.0,0
763,player_23,2.0388657565,80.8233875126,0.0,0
764,player_16,5.79594129408,125.095,1.0,0
765,player_16,3.56881099908,108.895779817,1.0,0
766,player_16,3.75025078436,138.199189189,1.0,0
767,player_16,2.22199503685,96.4829323198,1.0,0
768,player_16,2.05631494843,76.1964061397,1.0,0
769,player_16,2.24839308825,54.8589831477,1.0,0
770,player_16,2.35018422948,87.3586024909,1.0,0
771,player_16,2.23617803073,66.61500637,1.0,0
772,player_16,2.26381020652,80.3957114683,1.0,0
773,player_16,2.04505850433,63.2448415941,1.0,0
774,player_16,2.4896832666,53.276196994,1.0,0
775,player_16,3.01301931505,38.8613858732,1.0,0
776,player_16,3.56591410287,48.1495768903,1.0,0
777,player_16,3.27168824045,47.0598357217,1.0,0
778,player_16,1.64792376441,243.323879603,1.0,0
779,player_16,2.03551412132,222.050144255,1.0,0
780,player_16,1.94400039679,170.119880554,1.0,0
781,player_16,1.98686592261,150.624436299,1.0,0
782,player_16,1.83796131577,107.537385582,1.0,0
783,player_16,1.91842825004,198.598729839,1.0,0
784,player_16,1.88171921111,195.337103822,1.0,0
785,player_16,2.02356782819,162.443603972,1.0,0
786,player_16,2.06955208272,135.559924516,1.0,0
787,player_16,2.44354614329,128.944190166,1.0,0
788,player_16,2.94845963081,109.694223058,1.0,0
789,player_16,1.8772514498,330.335175978,1.0,0
790,player_16,2.09257222848,268.260098428,1.0,0
791,player_16,2.54215875435,260.136743244,1.0,0
792,player_16,2.10990478255,204.275365561,1.0,0
793,player_16,2.31241377485,178.298780151,1.0,0
794,player_16,2.78095137592,150.498542607,1.0,0
795,player_16,3.34023826479,194.105329933,1.0,0
796,player_16,3.75733719748,176.517903641,1.0,0
797,player_16,3.86149370406,144.969212599,1.0,0
798,player_16,3.19818864957,132.383654219,1.0,0
799,player_16,3.66530725109,123.86543391,1.0,0
800,player_16,4.16374288787,146.24108687,1.0,0
801,player_16,4.11057661569,142.295054158,1.0,0
802,player_16,3.23258163395,119.742149325,1.0,0
803,player_16,2.85611881389,122.815824083,1.0,0
804,player_16,2.93792710652,102.674145379,1.0,0
805,player_16,2.57475932165,94.6358139433,1.0,0
806,player_16,1.89316350009,69.2141433637,1.0,0
807,player_16,1.84865407422,59.1872425965,1.0,0
808,player_9,16.173030733,95.9408333333,0.0,0
809,player_9,23.7052230143,62.3687155963,0.0,0
810,player_9,3.11951961503,165.002691441,0.0,0
811,player_9,2.88385513763,128.669117088,0.0,0
812,player_9,2.6424803614,97.1389857288,0.0,0
813,player_9,3.24895062373,99.5099059856,0.0,0
814,player_9,3.43548665969,100.607138888,0.0,0
815,player_9,2.53771938246,222.405905237,0.0,0
816,player_9,3.08857836937,184.851620098,0.0,0
817,player_9,2.48169979024,141.181334195,0.0,0
818,player_9,2.33202904233,106.177826609,0.0,0
819,player_9,2.3627236857,76.7418701376,0.0,0
820,player_9,2.0710381275,209.014551124,0.0,0
821,player_9,1.86960604606,197.139776261,0.0,0
822,player_9,1.94975345965,154.346212109,0.0,0
823,player_9,1.90288457109,422.509625331,0.0,0
824,player_9,1.74379694185,331.656902153,0.0,0
825,player_9,1.85669093539,258.841661616,0.0,0
826,player_9,1.75574746462,468.654811939,0.0,0
827,player_9,1.89505301729,353.809678176,0.0,0
828,player_9,2.30091615707,305.120079496,0.0,0
829,player_9,2.34196141325,254.706669783,0.0,0
830,player_9,2.2294318367,192.276769547,0.0,0
831,player_9,2.4870114969,219.940983158,0.0,0
832,player_9,2.99726090313,226.404585395,0.0,0
833,player_9,2.93334182775,188.581844017,0.0,0
834,player_9,2.52399842353,183.335177958,0.0,0
835,player_9,2.00578690067,292.474297715,0.0,0
836,player_9,1.79440048265,219.941501323,0.0,0
837,player_9,1.96608757812,274.679830788,0.0,0
838,player_9,1.58200366493,200.364026726,0.0,0
839,player_9,1.61117889436,159.01368214,0.0,0
840,player_20,1.91252081886,325.660833333,1.0,0
841,player_20,2.62067878349,207.287247706,1.0,0
842,player_20,2.19303031497,132.129594595,1.0,0
843,player_20,2.14943269726,106.428051454,1.0,0
844,player_20,2.70496115957,109.795892143,1.0,0
845,player_20,3.34545647426,106.811053422,1.0,0
846,player_20,3.32248594897,77.9371000689,1.0,0
847,player_20,2.26777456865,54.8730512742,1.0,0
848,player_20,2.10594328094,38.6336130503,1.0,0
849,player_20,1.68526028761,152.144183256,1.0,0
850,player_20,1.69047822814,119.422975316,1.0,0
851,player_20,1.83214172724,118.522205006,1.0,0
852,player_20,1.50937739274,84.3512036394,1.0,0
853,player_20,1.56243597176,68.6125479687,1.0,0
854,player_20,1.93643180586,74.7916195499,1.0,0
855,player_20,1.58701828646,53.3522725029,1.0,0
856,player_20,1.93599213608,50.1698824829,1.0,0
857,player_1,18.0763280308,198.925833333,0.0,0
858,player_1,1.16286290354,111.019908257,0.0,0
859,player_1,1.44500078662,99.6290990991,0.0,0
860,player_1,1.84959638086,328.407055986,0.0,0
861,player_1,2.16259094551,248.204779464,0.0,0
862,player_1,2.00959853618,173.227913386,0.0,0
863,player_1,2.28486049991,141.259458347,0.0,0
864,player_1,2.55376541578,108.06739435,0.0,0
865,player_1,2.98677130633,96.1445171532,0.0,0
866,player_1,3.60708932763,90.5508097613,0.0,0
867,player_1,4.13538694567,83.5877601059,0.0,0
868,player_1,3.64964044589,84.9628678943,0.0,0
869,player_1,3.36614755052,73.3201294392,0.0,0
870,player_1,2.21798295477,221.918145558,0.0,0
871,player_1,2.64103915639,196.639753362,0.0,0
872,player_1,2.32793096886,150.267741298,0.0,0
873,player_1,2.38660852533,128.042035322,0.0,0
874,player_1,2.67905738349,212.428369631,0.0,0
875,player_1,3.07860340928,210.8498059,0.0,0
876,player_1,2.3297815023,151.839483552,0.0,0
877,player_1,2.36825345454,119.791517019,0.0,0
878,player_1,2.57637002402,291.325798294,0.0,0
879,player_1,2.47624435849,211.244941213,0.0,0
880,player_1,2.53891873964,161.4067397,0.0,0
881,player_1,3.03369214255,116.589128546,0.0,0
882,player_1,3.45416812229,107.10830258,0.0,0
883,player_1,3.17769574033,77.8064144871,0.0,0
884,player_1,3.34028652561,75.7758928867,0.0,0
885,player_1,3.89536571757,80.2458224731,0.0,0
886,player_1,3.7993217464,108.942148715,0.0,0
887,player_1,4.34703522878,108.641528459,0.0,0
888,player_1,4.28746486413,90.7008216007,0.0,0
889,player_1,3.28049432693,93.3463295982,0.0,0
890,player_1,3.70006696272,96.6474036459,0.0,0
891,player_1,4.14127256578,110.57679333,0.0,0
892,player_1,3.56467569743,78.9832999675,0.0,0
893,player_1,3.31554079234,69.5766164966,0.0,0
894,player_1,2.77494205446,65.8347185856,0.0,0
895,player_1,1.79303077181,47.0247721198,0.0,0
896,player_1,2.17933287812,66.3377140773,0.0,0
897,player_1,1.60796143124,245.764212254,0.0,0
898,player_1,1.62696293555,196.831554708,0.0,0
899,player_1,1.81342912767,212.679687827,0.0,0
900,player_1,1.43457653591,151.914046594,0.0,0
901,player_1,1.52502227951,111.464311322,0.0,0
902,player_14,1.48697498887,297.465,0.0,0
903,player_14,1.97573073206,366.256055046,0.0,0
904,player_14,2.20887607634,247.853051802,0.0,0
905,player_14,2.18767674772,473.983291916,0.0,0
906,player_14,2.27126019123,396.490511252,0.0,0
907,player_14,2.25732927506,317.114704153,0.315659133533,1
908,player_14,2.50942597808,225.594795128,0.5253970097,0
909,player_14,2.85843302236,160.905293657,0.667894793612,0
910,player_14,3.23256623101,131.309166766,0.766179869032,0
911,player_14,2.93517247751,103.29475966,0.834677091793,0
912,player_14,2.35832781602,73.7435876743,0.882760328346,0
913,player_14,2.60025072309,115.945694884,1.20604471807,1
914,player_14,2.10055351212,95.3962808126,1.43494905732,0
915,player_14,1.91941147088,192.702835149,1.59743666278,0
916,player_14,1.89984643343,144.26246993,1.71298529682,0
917,player_14,2.30394201334,166.6896024,1.7952593252,0
918,player_14,2.38177559644,125.521848466,1.85389401761,0
919,player_22,4.18086777393,240.6575,0.0,0
920,player_22,1.27671636786,132.472018349,0.0,0
921,player_22,1.56130296044,149.443558559,0.0,0
922,player_22,2.03239522976,155.86509867,0.0,0
923,player_22,2.58728915844,183.634571277,0.0,0
924,player_22,1.82271211171,131.650382202,0.0,0
925,player_22,1.74439149991,101.109374721,0.0,0
926,player_25,11.0689089124,29.5475,0.0,0
927,player_24,105.100146987,42.4875,0.0,0
928,player_13,2.98967923769,72.5555900271,0.12477479572,1
929,player_13,3.44001290107,64.885561117,0.17559528614,1
930,player_13,3.9345809177,64.2280239999,0.28115250121,1
931,player_13,3.64778090199,64.441727042,0.219744622692,1
932,player_13,3.63415810749,64.4708280603,0.216849868272,1
933,player_13,3.33252499143,60.6331026855,0.090496138072,1
934,player_13,3.05448572305,80.9515122756,0.111429527079,1
935,player_13,2.72380280022,87.2351188859,0.0476585969594,1
936,player_13,3.70138481306,68.6591950206,0.236181529118,1
937,player_13,3.43242395397,64.9017726284,0.173982684692,1
938,player_13,3.64488663459,66.6181032469,0.233646833593,1
939,player_13,2.83911826209,85.0439050419,0.0698967403677,1
940,player_13,3.38658016205,64.9997041525,0.164241179794,1
941,player_13,3.76780961686,62.8212652977,0.226302383522,1
942,player_13,2.98209275053,72.6243387431,0.123514192862,1
943,player_13,3.92956025612,63.6343808562,0.276767632542,1
944,player_13,2.50995325462,76.9028649451,0.0450614932684,1
945,player_13,3.35350585105,65.070357507,0.157213105783,1
946,player_13,4.25114318193,105.640893547,0.172814219419,1
947,player_13,2.36487460449,78.2175670857,0.0209546099106,1
948,player_13,3.29222342903,60.4305079534,0.0779222874092,1
949,player_13,3.51917599703,64.7164528842,0.19241692446,1
950,player_13,2.97737513476,72.6670897581,0.122730293832,1
951,player_13,4.34430713169,118.955905086,0.136904498033,1
952,player_13,4.67070983617,165.605449121,0.0110937074015,1
953,player_13,2.70700341786,87.5543392107,0.044418900669,1
954,player_13,2.85103197826,84.8175216985,0.07219425472,1
955,player_13,3.46400309703,61.2940391353,0.131516534466,1
956,player_13,2.94933542184,72.9211855231,0.118071096299,1
957,player_13,2.29850921259,78.8189699987,0.0099270551325,1
958,player_13,3.05887472884,80.8681127895,0.112275929969,1
959,player_13,3.48366388302,68.0791031694,0.206857377922,1
960,player_13,3.44880280813,68.395014089,0.201064713975,1
961,player_13,4.08074096818,81.2869728699,0.238495161832,1
962,player_13,3.93506960552,64.2187379988,0.281246742776,1
963,player_13,3.38893908371,64.9946650232,0.164742435164,1
964,player_13,3.37319297926,74.8954661852,0.172890995941,1
965,player_13,3.56361783259,64.6215162198,0.201860522833,1
966,player_13,3.96867271591,65.2701543888,0.281691481072,1
967,player_13,3.77614242841,62.8631540887,0.228902171762,1
968,player_13,2.73510540226,74.862537094,0.082473728327,1
969,player_13,4.54395778514,147.490018994,0.0599498459557,1
970,player_13,2.91630646641,73.2204937836,0.112582865087,1
971,player_11,2.34259499978,52.7512459283,0.936434938057,1
972,player_2,2.15366856955,51.0171939914,1.18921988537,1
973,player_6,2.89807109094,84.0600303247,0.722521798095,1
974,player_1,2.09033340377,56.4565506926,1.03906116185,1
975,player_11,2.82361920164,81.078800201,0.775733393033,1
976,player_13,2.21659943226,75.9398534709,0.155175568893,1
977,player_11,2.37112317079,53.0130903412,0.898264036314,1
978,player_2,2.27594948706,59.148806667,1.16715904101,1
979,player_11,2.25008764671,55.96811869,0.855783676771,1
980,player_13,2.4368091558,88.0294588144,0.123868931287,1
981,player_1,2.10053052443,58.0300031228,0.967679427958,1
982,player_15,2.32594388465,77.1777785507,0.468385942817,1
983,player_2,2.0490699402,50.076888547,1.32877967052,1
984,player_11,2.70467904036,76.3161542151,0.860741251711,1
985,player_11,2.17923966947,62.8181218248,0.924273501391,1
986,player_1,2.14184646967,52.7876807303,1.11056623335,1
987,player_6,2.27734291939,72.4206338644,0.619414837046,1
988,player_6,2.95070484277,86.1676105077,0.684903869137,1
989,player_15,2.43994162817,61.5465762229,0.408897527747,1
990,player_1,2.31654092704,52.5121099046,0.971295478204,1
991,player_1,2.15328976526,60.2781013071,1.00491357341,1
992,player_1,2.36189426128,62.590239145,1.10573335315,1
993,player_1,2.26621592281,52.0502043313,1.03863070244,1
994,player_6,2.60338889754,55.1449298771,0.587490792856,1
995,player_11,2.12554366381,61.8896205815,0.792582818063,1
996,player_2,2.08549905631,51.1320312142,1.243199104,1
997,player_1,2.15747810372,60.68806296,0.991898191453,1
998,player_1,2.50807435936,68.4436367683,1.00125680809,1
999,player_15,2.18108905154,70.4604738818,0.403754812991,1
1000,player_15,2.45114437061,61.8757451059,0.382528049516,1
1001,player_1,2.07697190275,54.3948229819,1.13259414447,1
1002,player_13,2.61238042475,66.6133253971,0.00300396072426,1
1003,player_1,2.19952771134,54.4825219689,0.974793742509,1
1004,player_13,2.4666654148,90.951839946,0.0310897496743,1
1005,player_11,2.28100484244,56.8765550688,0.783009503524,1
1006,player_2,2.05512428885,51.0236575004,1.28553148956,1
1007,player_11,2.24374676414,55.7818052725,0.870709108251,1
1008,player_15,2.32023725279,76.6192037712,0.4861194651,1
1009,player_15,2.34006859461,78.5603290534,0.424493001274,1
1010,player_6,2.14968212727,65.6142723966,0.623609101663,1
1011,player_6,2.49377383987,54.1388334679,0.73415654281,1
1012,player_6,2.59821321489,55.0974251287,0.594415894148,1
1013,player_15,2.38360793799,59.8913299336,0.541498096197,1
1014,player_11,2.55585937558,134.654288075,0.22093183108,1
1015,player_11,2.59484968665,140.008897101,0.236280671243,1
1016,player_13,1.91694475685,42.6447035683,0.00510672197903,1
1017,player_15,2.32061817563,101.028145117,0.13842831115,1
1018,player_11,2.71450444789,125.964760021,0.211687560438,1
1019,player_13,1.99293815624,54.9070734927,0.00107288482162,1
1020,player_13,2.01978859268,61.0347304536,0.00990338486688,1
1021,player_15,2.2644385302,92.2078527716,0.126498203191,1
1022,player_13,1.99854135796,54.2828531569,0.033611210492,1
1023,player_11,2.71661271931,134.681382871,0.232342250516,1
1024,player_11,2.5192507204,129.626756104,0.206520548341,1
1025,player_12,2.17783609462,80.9502017251,0.0858130729967,1
1026,player_13,2.10618492315,72.8996927532,0.0439139744354,1
1027,player_13,2.69709694148,53.9936338898,0.041146591709,1
1028,player_6,2.71030442641,108.599821667,0.170540039646,1
1029,player_13,2.07627824957,68.7925558806,0.0321409790436,1
1030,player_13,2.6972546727,54.6457717394,0.042691881141,1
1031,player_13,2.04145664558,64.0104428406,0.018433182949,1
1032,player_12,2.14731235293,76.6241710669,0.0614752535456,1
1033,player_12,2.23544154994,90.6507360621,0.0947968540556,1
1034,player_15,2.29968078991,99.4728255683,0.120085132076,1
1035,player_6,2.71124643778,112.494556356,0.179768904922,1
1036,player_13,2.69464703335,43.8645181764,0.0171448940981,1
1037,player_13,1.92391677419,43.6391246544,0.00754228651716,1
1038,player_11,2.48936982548,124.289876117,0.205074411458,1
1039,player_11,2.49862315131,126.045972447,0.198933487076,1
1040,player_6,2.32402154353,100.706197221,0.147312591242,1
1041,player_6,2.39590144604,112.686980051,0.157963144096,1
1042,player_13,2.69305903422,37.2989548419,0.00158730049753,1
1043,player_11,2.57790500856,136.917677894,0.236002784389,1
1044,player_1,2.70731077168,155.374863712,0.281208651278,1
1045,player_6,2.36063195028,106.633606642,0.144941333054,1
1046,player_11,2.59124278143,139.075543371,0.235172995812,1
1047,player_6,2.45552378529,120.875022338,0.181433943124,1
1048,player_24,2.49293535634,75.2533657265,0.126628213005,1
1049,player_17,2.24531114547,79.7881563977,0.0182414934252,1
1050,player_4,2.26992480514,81.3971356866,0.0868486310845,1
1051,player_24,2.87419788641,90.8570568597,0.1228396679,1
1052,player_10,2.36773986703,84.1747390499,0.257949577851,1
1053,player_4,2.50878986347,74.1235807976,0.109997937209,1
1054,player_17,1.95044457831,53.8955202091,0.00284175716421,1
1055,player_18,2.37942728797,83.3418987779,0.245690285783,1
1056,player_24,2.48245621688,76.0001044129,0.137620101801,1
1057,player_9,2.58025472483,69.0310274539,0.035036265794,1
1058,player_7,2.86069541157,66.144676696,0.0740661105461,1
1059,player_4,2.0661219597,63.4159071781,0.0865669327022,1
1060,player_7,2.26926321786,81.3538881464,0.0850045489621,1
1061,player_3,2.67734433233,89.085462777,0.183002531517,1
1062,player_23,2.31117611896,84.0937078519,0.201830905271,1
1063,player_9,2.02177338197,59.7659661403,0.0544682422721,1
1064,player_9,3.0986131846,92.8766943319,0.0542533167824,1
1065,player_9,1.99899178457,57.8910134018,0.0379793382321,1
1066,player_17,2.5900245351,68.334835241,0.0247884140014,1
1067,player_24,2.81930403747,90.3630367318,0.139616459981,1
1068,player_24,2.47787648862,76.3264537545,0.142423918367,1
1069,player_7,2.25944224168,80.7118971754,0.0576299499038,1
1070,player_4,2.27464671936,81.705804218,0.100010307292,1
1071,player_7,2.9975112973,91.9668224928,0.085152322316,1
1072,player_7,3.08522530689,92.7562094108,0.0583449526398,1
1073,player_9,1.98993892765,57.1459524394,0.0314270457606,1
1074,player_3,2.20784605546,75.0799699215,0.189144244304,1
1075,player_3,2.44357397176,78.7708354215,0.178404873885,1
1076,player_10,2.42913030746,86.851647392,0.258862307562,1
1077,player_24,2.28199456141,82.1861279824,0.120491390455,1
1078,player_10,2.32708203694,84.8932339386,0.275445069587,1
1079,player_16,2.15747457001,70.9343363674,0.152686283282,1
1080,player_24,2.28564732687,82.4249069389,0.130672963864,1
1081,player_23,2.22815758756,76.7516333291,0.203845360203,1
1082,player_24,2.50220520632,74.5928004551,0.116904784799,1
1083,player_10,2.36978379487,86.3175552796,0.276999933574,1
1084,player_10,2.33744200015,85.8106918115,0.275043379593,1
1085,player_9,3.11028694051,92.9817529222,0.0506855550095,1
1086,player_3,2.19908434341,74.3588705306,0.182802677173,1
1087,player_18,2.29111292938,81.9329333263,0.249411286588,1
1088,player_24,2.28773853995,82.5616082085,0.136501928155,1
1089,player_7,2.55100601519,71.1152771289,0.0657161288688,1
1090,player_23,2.49260348279,80.2583928048,0.224051139033,1
1091,player_7,2.39100505739,102.805682242,0.260486711515,1
1092,player_7,2.38629384148,93.9517628922,0.1980118854,1
1093,player_17,1.95505406337,49.4390327832,0.00589200882597,1
1094,player_7,2.40861261524,100.300914978,0.237144299068,1
1095,player_7,2.45176235438,108.240829289,0.282627860697,1
1096,player_17,2.312170022,72.8653265056,0.068047578312,1
1097,player_17,2.0400416652,59.8427332399,0.0555246361598,1
1098,player_9,2.26738480849,89.4660421835,0.187978529972,1
1099,player_9,2.36115781779,86.8011712434,0.153939872858,1
1100,player_9,2.11842688685,72.8028977642,0.100712044485,1
1101,player_7,2.47767828504,107.808045606,0.273742797792,1
1102,player_17,2.86560983056,71.2904681662,0.014623793497,1
1103,player_17,3.18108240946,96.0615321838,0.032586499957,1
1104,player_7,2.39457949888,96.3088323054,0.212539465473,1
1105,player_7,2.4298560351,107.640849426,0.283161738647,1
1106,player_17,1.97919110069,57.2273178448,0.0191412385922,1
1107,player_9,2.19065458187,78.2799127352,0.143482345321,1
1108,player_9,2.17261487316,78.8646246717,0.132457889681,1
1109,player_17,2.10058225927,67.2537695853,0.0908802489647,1
1110,player_9,2.71523188383,84.3500750107,0.110466897271,1
1111,player_17,2.28256203164,64.4425683459,0.0161346847379,1
1112,player_17,1.97241567715,51.5643431273,0.0160311642845,1
1113,player_17,2.82863655694,74.5014204884,0.0381886404553,1
1114,player_9,2.12498959253,73.53703336,0.104556783011,1
1115,player_17,2.04422234489,64.502023359,0.057239569088,1
1116,player_17,2.74289735526,81.9474608783,0.0928343606745,1
1117,player_9,2.15593108292,76.9982962274,0.122683748618,1
1118,player_7,2.49534586849,103.446125818,0.25061083889,1
1119,player_17,2.03792866437,59.5840716557,0.0542906469586,1
1120,player_17,2.03328269212,59.0153380688,0.0515774063872,1
1121,player_9,2.71978367952,83.954773283,0.10756581878,1
1122,player_17,2.0333873928,59.0281549328,0.0516385514229,1
1123,player_9,2.11657502444,69.2115132408,0.100219998958,1
1124,player_7,2.33559620965,96.0228451929,0.228128030589,1
1125,player_7,2.66715655192,104.643848912,0.208781738035,1
1126,player_7,2.40217383058,98.4692362537,0.225854916079,1
1127,player_9,2.25219066497,87.7663527343,0.17907709331,1
1128,player_7,2.4700490771,107.93544974,0.276358408761,1
1129,player_9,2.1329380227,71.2145787335,0.109775964504,1
1130,player_9,2.58921692311,95.2938728169,0.190782297367,1
1131,player_9,2.11448828651,68.9560666121,0.0990013472503,1
1132,player_9,2.3741599503,90.4999639118,0.176737040544,1
1133,player_17,2.10173945644,67.3954271039,0.0915560503161,1
1134,player_17,2.61913540876,69.7597132154,0.120473313078,1
1135,player_7,2.63521044669,96.0681023876,1.15702802217,1
1136,player_7,2.44004491782,84.8401921321,0.866690490277,1
1137,player_17,3.02416530324,126.174597559,0.0635840831407,1
1138,player_17,2.61651667763,68.2737377783,0.0628899275803,1
1139,player_9,2.42338035787,87.9546154352,0.543124331986,1
1140,player_9,2.63497482257,78.7476461733,0.468766828171,1
1141,player_9,2.47747631901,90.4729283292,0.702272070324,1
1142,player_7,2.55480404479,88.4589281322,0.899926216578,1
1143,player_7,2.5293168214,92.8862435351,0.854784356563,1
1144,player_17,2.9211582718,118.384456913,0.416969041152,1
1145,player_17,2.12605732783,64.9472346962,0.315291523877,1
1146,player_17,2.32897014836,83.559565547,0.265373997119,1
1147,player_17,2.32981881475,83.5990732565,0.267870733184,1
1148,player_7,2.60543259511,95.3184725792,1.15713061346,1
1149,player_9,2.85505922371,113.385566314,0.64373423384,1
1150,player_7,2.66822800534,97.6168657735,1.1999724182,1
1151,player_9,2.433728035,88.4363277145,0.573566704719,1
1152,player_9,2.35143248655,79.2260743141,0.711076687148,1
1153,player_17,2.31807609929,66.0564309938,0.142981734725,1
1154,player_9,2.41713257512,83.3885606898,0.826453734156,1
1155,player_7,2.62494468643,95.0966130922,1.12420295554,1
1156,player_7,2.72463059631,103.521605208,1.09119412445,1
1157,player_17,2.62746617601,74.4869321929,0.303658893342,1
1158,player_9,2.22332647929,71.1098065667,0.486107541088,1
1159,player_7,2.6277956045,97.4706964974,1.14450424094,1
1160,player_7,2.70277616258,101.868814034,1.1661698619,1
1161,player_17,2.16332843064,67.3085779004,0.380743943725,1
1162,player_7,2.64006950283,98.0420795685,1.18061346458,1
1163,player_17,2.07567735941,61.7553678853,0.226818401363,1
1164,player_17,2.39033445428,72.8945235033,0.37402992366,1
1165,player_7,2.61257957366,95.7712756348,1.16968154449,1
1166,player_7,2.61004994833,95.6110090169,1.16523922626,1
1167,player_17,1.95620519027,54.1861044776,0.0170112858118,1
1168,player_9,2.81046713723,110.01318852,0.796715757441,1
1169,player_9,2.40282956245,82.4823808555,0.801335969458,1
1170,player_17,2.31978603055,83.1320200922,0.23835476042,1
1171,player_17,2.29436545432,63.8125993459,0.0671662587276,1
1172,player_17,2.2789341706,62.3522762365,0.0178242807976,1
1173,player_17,2.12532963462,64.9011310583,0.314013609402,1
1174,player_9,2.81120525332,110.069010226,0.794183511637,1
1175,player_7,2.70255121958,101.851802208,1.16694157111,1
1176,player_17,2.33521628841,83.850340213,0.283749843336,1
1177,player_9,2.70089536182,91.3921326941,0.832957973246,1
1178,player_9,3.05753359615,72.1896836399,0.929671687671,1
1179,player_17,3.04605015715,62.2696346242,0.221057885405,1
1180,player_7,3.05135045138,90.5497291353,2.13483769111,1
1181,player_7,2.90955968422,90.8905575336,1.60810964679,1
1182,player_17,2.31329595202,63.2459173497,0.110903600028,1
1183,player_17,2.36173597788,64.969703028,0.245422578056,1
1184,player_9,3.06219656163,76.2178189592,1.21741142364,1
1185,player_9,3.20113736478,92.958483141,0.849564897283,1
1186,player_7,3.06865784409,81.7994429548,1.61612072397,1
1187,player_7,3.11584983856,91.2346232476,1.81574875747,1
1188,player_9,3.17025418867,92.3342620967,1.19942644955,1
1189,player_9,2.79413837355,80.3571650192,1.44621319122,1
1190,player_9,2.80727918285,76.5736048931,0.931143737322,1
1191,player_7,3.042560198,88.6313010537,2.06262573172,1
1192,player_17,2.49208544359,91.8940578294,0.0572654364894,1
1193,player_17,2.2844649727,62.219938764,0.0308393596871,1
1194,player_17,3.21654184186,93.2698435637,0.675054534663,1
1195,player_9,2.82939705244,77.7071028552,1.03751003796,1
1196,player_7,3.13981785291,91.7190727385,1.54422594924,1
1197,player_17,2.70025206786,71.0886726191,0.416443248462,1
1198,player_17,2.7602737797,74.1646690564,0.705091638439,1
1199,player_7,3.00308530859,86.6082894555,1.87278837246,1
1200,player_17,2.34509468226,64.3775062538,0.199209347573,1
1201,player_17,3.0488996277,64.7311696696,0.396891462955,1
1202,player_17,3.26622015503,94.2739581799,0.112271364326,1
1203,player_17,2.49425191676,69.6854122682,0.61342214766,1
1204,player_9,2.58469633581,72.9039653435,0.864588215402,1
1205,player_9,2.74187847964,78.497445602,1.30108635871,1
1206,player_17,2.32753697885,63.7526982125,0.150451233243,1
1207,player_17,2.38122539322,65.6632529266,0.299545097317,1
1208,player_7,3.05148754227,90.5493996042,2.13534695992,1
1209,player_7,3.08391639168,90.5891737804,2.17750835296,1
1210,player_9,2.77552578886,79.6948179962,1.39452564923,1
1211,player_17,3.23873015012,93.7183210423,0.423693212799,1
1212,player_17,2.48433036027,91.9126990476,0.028456650476,1
1213,player_7,2.98815390376,90.7016373204,1.90007350582,1
1214,player_9,3.19600408349,92.8547275494,0.90771752229,1
1215,player_9,2.90157605984,81.4061371352,1.38462366802,1
1216,player_17,3.0435582036,60.1169431379,0.0672857723048,1
1217,player_17,2.68707991155,70.4136251294,0.353097475785,1
1218,player_17,2.68884256935,70.5039579269,0.361574214004,1
1219,player_9,2.86074321118,79.3135327562,1.18825579271,1
1220,player_17,2.48196612087,68.2795439015,0.60182025181,1
1221,player_17,2.34574750106,80.8686314152,0.298969274208,1
1222,player_9,2.48114835304,69.4029153661,1.18149345407,1
1223,player_17,3.04834682797,59.8736244658,0.0603108802153,1
1224,player_9,2.67167851561,85.4637945928,1.20981901893,1
1225,player_9,2.45407630285,68.6013050803,1.12166619438,1
1226,player_9,2.56837977841,71.9858600395,1.37426855249,1
1227,player_7,3.24600682863,91.9208463305,2.80604456158,1
1228,player_17,2.32870409027,64.8890020051,0.844602733411,1
1229,player_9,2.57867368086,72.2906651071,1.39701732737,1
1230,player_9,2.71352102038,76.283529099,1.69502012896,1
1231,player_17,2.07157764579,57.2754226406,0.276372013476,1
1232,player_7,3.32334311636,94.7969095652,2.1671744716,1
1233,player_9,3.308168555,94.693210679,1.47062301175,1
1234,player_17,2.59688939155,71.8355531176,0.933368904144,1
1235,player_17,2.4635869533,82.5299998878,0.628284467297,1
1236,player_9,2.70173658319,75.934588919,1.66897738084,1
1237,player_17,2.41319485129,81.819543008,0.487458245779,1
1238,player_17,2.49402353128,82.9591122954,0.713342801865,1
1239,player_7,3.27250709525,92.7408298881,2.88249668162,1
1240,player_7,3.27931910543,93.036954183,2.94539269897,1
1241,player_9,2.47620070408,69.2564142231,1.17055951013,1
1242,player_9,3.2388397191,82.5107394421,2.01451184737,1
1243,player_7,3.11237215278,91.6769473266,2.44138542099,1
1244,player_9,2.70309144079,85.9066721056,1.29760586215,1
1245,player_9,3.32041074784,94.7768705445,2.03257120204,1
1246,player_9,3.1817113469,75.7219216425,1.42845155109,1
1247,player_9,3.31243781753,94.7223856751,1.66659316036,1
1248,player_9,3.30405526537,94.6651015598,1.28181242081,1
1249,player_9,3.31646064467,94.7498765979,1.85125129014,1
1250,player_17,2.59686188965,71.8347021409,0.933289562346,1
1251,player_7,3.15070519481,88.9719789151,2.53110348069,1
1252,player_17,3.29654102208,94.6137512347,0.936889295076,1
1253,player_9,3.21950670663,80.2133118395,1.81618113041,1
1254,player_17,2.37759734396,81.3176688458,0.387977131644,1
1255,player_9,3.18833967068,76.5095947503,1.49644924208,1
1256,player_17,1.98407946531,54.6845792806,0.0830074056833,1
1257,player_9,2.69929735157,75.0043077787,1.22881142795,1
1258,player_7,3.09611413721,91.4477324587,2.39595062446,1
1259,player_17,2.43561937939,82.1356969217,0.550126033715,1
1260,player_9,2.86134795222,80.6607221177,2.02170688446,1
1261,player_9,2.85780468897,80.5558051926,2.01387653069,1
1262,player_7,3.34124212068,94.9192265645,2.98878488203,1
1263,player_13,2.32707868583,83.0882850453,0.124609093931,1
1264,player_13,3.14315058009,93.4286440162,0.0455215487767,1
1265,player_13,2.42323389079,87.1473054933,0.260285177352,1
1266,player_13,2.35139599939,73.9456228404,0.132790777275,1
1267,player_13,2.48149700727,82.9519865874,0.219129722068,1
1268,player_13,2.50040624208,80.6196362495,0.187776910954,1
1269,player_13,2.34530576528,83.8577086892,0.1503277095,1
1270,player_13,2.50250509454,80.3607543175,0.184296869305,1
1271,player_13,2.98295746614,92.1690384187,0.100358633861,1
1272,player_13,2.4582632693,89.8384368445,0.148723878705,1
1273,player_13,2.32298053298,82.9152888332,0.118826553832,1
1274,player_13,2.56829644231,72.2457526422,0.0752102923041,1
1275,player_13,2.3283390198,83.1414877954,0.126387439435,1
1276,player_13,2.32250742365,82.8953173669,0.11815899121,1
1277,player_13,2.46126528679,90.1797372769,0.124468076735,1
1278,player_13,2.75751149045,90.3963466598,0.177532988273,1
1279,player_13,2.37295633879,85.0249283249,0.189342981952,1
1280,player_13,2.59636026488,68.7842341469,0.0286785454249,1
1281,player_13,2.33926735607,72.0617572853,0.112152002679,1
1282,player_13,2.39181097553,85.8208431802,0.215947087965,1
1283,player_13,2.34038869372,83.650143285,0.143389665837,1
1284,player_13,2.45298498553,89.2383468933,0.191371533494,1
1285,player_13,3.2207745924,94.0390050861,0.0189494043029,1
1286,player_13,2.44003547324,87.7134324093,0.283624639918,1
1287,player_13,2.48013822055,83.119585471,0.221382683836,1
1288,player_13,2.37994240368,78.3795555009,0.181366927791,1
1289,player_13,2.52537765911,77.5395490057,0.146372585023,1
1290,player_13,3.15158864932,93.4949929308,0.0426330405951,1
1291,player_13,2.45644874531,86.0415522308,0.260661462165,1
1292,player_13,2.46980365223,91.1504670687,0.0554795043255,1
1293,player_13,2.44326922502,88.133758639,0.269873262196,1
1294,player_13,2.4710928319,91.2970343618,0.0450631470726,1
1295,player_13,2.4431271109,88.1176016343,0.271021520652,1
1296,player_13,2.4382371409,87.4341088055,0.280564497498,1
1297,player_13,3.02314502403,92.4850349782,0.0866016846577,1
1298,player_13,2.61318359528,66.7091686713,0.000784307218473,1
1299,player_13,2.59583679714,68.8488010202,0.0295464909271,1
1300,player_13,2.46167344372,90.2261407829,0.121170236638,1
1301,player_13,2.47374841227,91.5989482349,0.0236064994333,1
1302,player_13,2.44022737031,87.864654917,0.284263169456,1
1303,player_13,3.25531595995,94.3106053993,0.00712525116148,1
1304,player_13,2.35888394966,75.1086788562,0.145532690246,1
1305,player_13,2.56589614991,72.5418155371,0.0791901421026,1
1306,player_13,3.2175022838,124.562678643,0.209580138637,1
1307,player_13,2.74122338004,39.1875566505,0.0432733456375,1
1308,player_13,3.85080957877,103.823192478,1.08353564544,1
1309,player_13,3.06478857295,56.3175750272,0.333006462676,1
1310,player_13,2.3844303799,64.7819227948,0.076293366548,1
1311,player_13,3.68901354882,99.5969650159,1.01308706779,1
1312,player_13,4.02161002201,108.766380405,1.15505465619,1
1313,player_13,2.49746390952,68.1245272424,0.320319875515,1
1314,player_13,3.28089676358,67.758661269,0.526518314577,1
1315,player_13,3.40244334628,96.8959017034,0.195710420317,1
1316,player_13,3.82293336565,103.081008768,1.06438773304,1
1317,player_13,3.43962649943,97.6087660173,0.253322441512,1
1318,player_13,3.86663062935,113.371766485,0.987852591394,1
1319,player_13,3.94402004279,107.278848482,1.03483581651,1
1320,player_13,3.90518822572,112.707037118,1.03408122292,1
1321,player_13,3.4242079484,97.3131661591,0.229432754563,1
1322,player_13,3.38822021923,121.619517352,0.414262413339,1
1323,player_13,3.35193271643,71.5194093484,0.5901267264,1
1324,player_13,3.31105171204,89.6138472367,0.793339982299,1
1325,player_13,2.4945649494,67.7141748565,0.151943781426,1
1326,player_13,3.7613131077,103.776045656,0.751747511053,1
1327,player_13,2.3368303682,63.8817085073,0.226927503321,1
1328,player_13,3.2836757786,88.7236713881,0.693976695225,1
1329,player_13,3.39570278313,91.7063081432,0.770927006184,1
1330,player_13,3.59722095248,118.016364196,0.664843849825,1
1331,player_13,3.65826406257,87.7370424676,0.864427972978,1
1332,player_13,3.04165434519,55.0928149005,0.312291156871,1
1333,player_13,3.00482601473,81.5254983461,0.615300302265,1
1334,player_13,3.75383759539,92.7968462088,0.950008307879,1
1335,player_13,3.35632858592,96.0118032819,0.124259660336,1
1336,player_13,3.54424582088,81.700748644,0.762331513628,1
1337,player_13,2.91792657709,79.2302207902,0.5647769523,1
1338,player_13,2.82213532375,43.471154247,0.115725111682,1
1339,player_13,3.57620745241,100.227255282,0.464942599872,1
1340,player_13,3.95407239211,111.864278647,1.09269089594,1
1341,player_13,2.07456725545,56.9545447334,0.0744476785085,1
1342,player_13,3.42690954749,120.95251694,0.460648984821,1
1343,player_13,3.7290856259,115.743029521,0.822943004665,1
1344,player_13,3.93098208839,112.262353331,1.06500677548,1
1345,player_13,2.64439311621,71.7032398074,0.25485936036,1
1346,player_13,2.95774284925,80.0459464156,0.470096387341,1
1347,player_13,3.52417368662,119.27569225,0.577263827846,1
1348,player_13,2.17233553008,59.5369012193,0.131290172411,1
1349,player_6,2.79533964398,206.017846008,0.245966818679,1
1350,player_6,2.21042349998,200.646477794,0.256915845473,1
1351,player_15,2.19698176866,176.055852601,0.212567005596,1
1352,player_12,2.10888886058,97.9552645915,0.0782584093929,1
1353,player_12,2.04179054017,113.025059703,0.116296320824,1
1354,player_6,2.20993762582,200.394018354,0.256510685099,1
1355,player_13,2.01497024975,70.6619079014,0.0232141381019,1
1356,player_13,2.09689732522,87.3239211228,0.0599758221112,1
1357,player_6,2.33604256786,216.51031428,0.279136417931,1
1358,player_12,2.57693475689,123.518785634,0.099609375176,1
1359,player_13,2.63803250576,106.02141198,0.0653580992275,1
1360,player_15,2.11666522216,151.929825549,0.178732763866,1
1361,player_6,2.22770605217,207.49393974,0.266022435716,1
1362,player_6,2.28436647236,207.30545025,0.263622570944,1
1363,player_6,2.22542316751,201.271162471,0.255929455966,1
1364,player_13,1.95699691832,68.9664284556,0.045588679729,1
1365,player_13,5.84787552368,136.283816481,0.0255182308341,1
1366,player_6,2.20288003693,196.726906377,0.250625508229,1
1367,player_6,3.178265962,197.270038867,0.218312576638,1
1368,player_6,2.18824628685,189.123233076,0.238422727808,1
1369,player_6,2.18111939998,185.420113977,0.23247976479,1
1370,player_13,1.95800728838,69.4914151366,0.0464312063524,1
1371,player_15,3.55901846085,188.571891803,0.190815323863,1
1372,player_15,3.47711526208,190.442939453,0.196730223875,1
1373,player_6,2.16704584997,178.107519746,0.220744123583,1
1374,player_12,2.55477840648,129.863993911,0.112030180947,1
1375,player_15,2.15000827478,157.518596484,0.177341241294,1
1376,player_12,2.05865266519,98.7585122036,0.0730715330969,1
1377,player_6,2.19349669111,185.490420218,0.2269772133,1
1378,player_13,5.36166507958,147.391110483,0.0606314645593,1
1379,player_12,4.63344176735,164.027097071,0.113222427334,1
1380,player_6,2.30319648551,201.912849344,0.253066503195,1
1381,player_15,2.14119701585,151.851179672,0.167284416079,1
1382,player_13,2.02879644921,79.5549430371,0.0389948196638,1
1383,player_13,1.92872266146,54.2751695004,0.0220113638651,1
1384,player_15,4.08739241065,176.501388436,0.152657118464,1
1385,player_15,2.12459217496,141.170917626,0.14833230223,1
1386,player_13,2.71305854482,84.5352089124,0.0232986516282,1
1387,player_12,2.54416414353,132.903741336,0.117980515547,1
1388,player_6,2.23673659406,213.302399725,0.276329541893,1
1389,player_13,5.85603834657,136.097339875,0.0249287266152,1
1390,player_6,2.37147008491,182.360432087,0.214792459777,1
1391,player_12,2.04704342554,115.754450596,0.120676592889,1
1392,player_16,2.29630053774,134.612075582,0.21581990713,1
1393,player_7,2.18898704765,93.1189000332,0.10535676969,1
1394,player_24,3.96949968427,150.963842566,0.174982522011,1
1395,player_3,2.52255848249,165.715224883,0.288432622242,1
1396,player_16,2.36908979498,148.852576274,0.249732928046,1
1397,player_9,2.05127380478,76.3847841567,0.084056769879,1
1398,player_7,2.13909010862,92.7800935124,0.100939959532,1
1399,player_3,2.41368390387,163.481549182,0.287926662737,1
1400,player_16,2.3298378718,141.793313041,0.230253917349,1
1401,player_16,2.3414301078,140.293150762,0.227560032651,1
1402,player_7,4.96278819621,140.837391972,0.0971018997017,1
1403,player_3,2.50113518372,165.933632701,0.290112355593,1
1404,player_3,2.37658131434,154.356472399,0.265135125538,1
1405,player_9,5.44601058733,135.911000888,0.0592139546778,1
1406,player_16,3.10065246136,159.821629976,0.243106094969,1
1407,player_7,2.11226254437,89.3494445432,0.102768262355,1
1408,player_16,2.31198797956,138.470272892,0.225456455908,1
1409,player_3,2.39002636912,155.331501567,0.266516359665,1
1410,player_16,3.34458820492,157.334735961,0.223979861973,1
1411,player_9,5.15292489599,138.898972396,0.0821938802042,1
1412,player_9,2.11083303216,68.9337575997,0.0427059956986,1
1413,player_9,1.99136100724,61.9744520591,0.0502456844843,1
1414,player_24,2.21845033033,116.594377956,0.178400883563,1
1415,player_7,2.07638635652,82.4248995477,0.0982287442579,1
1416,player_16,2.35106216756,143.273838778,0.235281401742,1
1417,player_24,3.53322020939,155.411656563,0.209189820892,1
1418,player_17,2.09582984577,64.2909481739,0.0306789586522,1
1419,player_3,2.42193798817,165.206708195,0.292097740477,1
1420,player_3,2.38189634809,155.906703418,0.270639728877,1
1421,player_16,2.33598696041,143.373340113,0.234422579521,1
1422,player_3,2.52688347125,165.67113217,0.288093513502,1
1423,player_16,2.3315911566,143.807209731,0.242250583401,1
1424,player_7,2.17221594789,101.291878945,0.123397016483,1
1425,player_24,2.24276854576,119.420584152,0.171226860004,1
1426,player_17,1.99667285658,60.921111378,0.0317633351376,1
1427,player_9,5.51216781242,135.236536356,0.0540267751235,1
1428,player_24,2.27752042415,128.350185299,0.19478626045,1
1429,player_16,2.29069333736,133.970393865,0.219170378239,1
1430,player_24,2.24381245599,121.703063508,0.183577304041,1
1431,player_7,4.65479838746,143.97730907,0.121250410111,1
1432,player_16,2.32777461088,136.067390435,0.216613346856,1
1433,player_7,2.09942702917,87.9666829115,0.111231477941,1
1434,player_24,2.24801267933,120.768080269,0.17478202446,1
1435,player_16,2.54719937739,100.217653447,0.690535511674,1
1436,player_16,2.4877766418,109.017327692,0.687895918981,1
1437,player_9,2.72722407849,78.1294687661,0.251163915461,1
1438,player_16,2.28295075028,92.1324536207,0.702683288161,1
1439,player_7,2.49349755328,79.7211932053,0.344089696057,1
1440,player_4,2.27983329205,82.2812098492,0.474282471187,1
1441,player_7,2.71987977225,116.779830265,0.400175068744,1
1442,player_9,2.27543207939,68.3732708952,0.151827287541,1
1443,player_24,2.68648593817,99.1201894249,0.558585735397,1
1444,player_9,2.86938474084,121.779903729,0.214844967452,1
1445,player_24,2.42437550504,87.239982574,0.542028854961,1
1446,player_24,2.63648240827,99.5141762874,0.605955377853,1
1447,player_17,3.01139906642,126.52945866,0.0388004547308,1
1448,player_16,2.34654102562,95.7064715072,0.764917090837,1
1449,player_3,2.3755911305,101.569785885,0.853104460592,1
1450,player_9,3.04941347557,96.2606176697,0.214775054055,1
1451,player_3,2.33779377574,104.001271332,0.873818433939,1
1452,player_9,2.79041188178,74.6704074695,0.152791345511,1
1453,player_4,2.71896874362,98.8642515216,0.527813930225,1
1454,player_17,3.19249167539,95.1332786368,0.0792333596483,1
1455,player_9,2.52245963194,76.5708269373,0.261153359002,1
1456,player_7,2.27834676733,77.5837556179,0.36537212352,1
1457,player_17,3.00434783518,126.2936359,0.0475413374816,1
1458,player_24,2.58624093505,112.310386809,0.565837116431,1
1459,player_17,2.86089680949,70.8118829954,0.04305840464,1
1460,player_3,2.3674842206,97.8225448739,0.811217161364,1
1461,player_4,2.65213969584,114.514317877,0.484147363045,1
1462,player_16,2.44875321179,93.3736732973,0.684695283652,1
1463,player_4,2.46295678254,83.0432825849,0.431546804558,1
1464,player_16,2.40873002995,106.373677317,0.785884077624,1
1465,player_9,2.79309294009,74.5236395087,0.148617397654,1
1466,player_9,2.92650076718,123.690103305,0.144042511549,1
1467,player_17,2.27393277302,63.635426338,0.0419804912733,1
1468,player_16,2.43928105628,101.067961432,0.792769339879,1
1469,player_7,2.75773560188,118.045888049,0.353248034774,1
1470,player_4,2.75564112126,98.5753032206,0.493073234508,1
1471,player_24,2.49361503226,90.917822978,0.614853125158,1
1472,player_24,2.63417457395,99.5323601317,0.608141649245,1
1473,player_24,2.59845463514,112.718864188,0.550696708073,1
1474,player_7,2.27713685913,73.7604162816,0.276728105747,1
1475,player_7,2.64656436389,82.5449869901,0.37673725404,1
1476,player_4,2.63392720759,113.905215851,0.506724019365,1
1477,player_3,2.33190207009,99.7704024234,0.866612465642,1
1478,player_12,2.22838341624,83.7574316857,0.154028080377,1
1479,player_13,2.88242043023,123.659640794,0.0404143784698,1
1480,player_13,2.18313612091,82.4422861095,0.045538998002,1
1481,player_12,1.99509521377,92.8597244147,0.199468396367,1
1482,player_13,1.93529197536,61.3761922944,0.0501189304346,1
1483,player_12,1.90801724091,97.98208714,0.282107029406,1
1484,player_13,2.09428503771,87.3646229116,0.118272075012,1
1485,player_12,1.89599251391,88.6945748321,0.225567644576,1
1486,player_12,2.02097419576,102.609051264,0.257628484252,1
1487,player_12,1.90843866082,97.6604845675,0.270405041284,1
1488,player_13,1.92658918682,67.4257944446,0.0889717035389,1
1489,player_12,1.90320178383,83.6831679009,0.19338254354,1
1490,player_13,2.89211670414,95.7711353741,0.0806291215558,1
1491,player_12,1.95683060765,101.041617001,0.273802322589,1
1492,player_12,2.3208024909,97.70053518,0.200584569269,1
1493,player_13,2.27621564921,81.6336212274,0.134905268418,1
1494,player_13,2.9841411086,95.4603574099,0.0613073046258,1
1495,player_12,2.32563301097,97.6842219074,0.199570333698,1
1496,player_13,2.10488559864,86.777353412,0.10959450591,1
1497,player_13,1.93903632632,58.7733675201,0.0334026311016,1
1498,player_13,2.59640923312,116.670575115,0.112532247164,1
1499,player_12,2.20593191865,98.0884675203,0.224703260184,1
1500,player_12,1.90924845602,99.8788835617,0.285800186302,1
1501,player_13,3.09488855837,95.0863493716,0.0380543212193,1
1502,player_12,1.89648494749,98.4941352682,0.2867175162,1
1503,player_13,3.10131052591,95.0646615812,0.0367059388868,1
1504,player_13,2.07018886064,88.6995475399,0.137997091746,1
1505,player_13,1.94252001865,56.3517353636,0.0178500174945,1
1506,player_13,2.46621363102,73.1974752286,0.0589461201033,1
1507,player_13,3.27324824316,94.4840063295,0.000605198921125,1
1508,player_12,2.28835647897,109.142894546,0.190207905664,1
1509,player_13,2.44306221314,74.2254268915,0.068201807811,1
1510,player_12,2.17541732128,86.1091919826,0.175203355108,1
1511,player_12,2.55043697882,96.925030692,0.152369581491,1
1512,player_13,2.34070864738,78.7700521344,0.109121661842,1
1513,player_13,2.89593734472,123.989944656,0.0370060816135,1
1514,player_13,2.60199367076,67.1686730904,0.00466272151733,1
1515,player_13,2.77347936969,120.997520447,0.0678839222466,1
1516,player_12,2.4637808026,97.2176794756,0.170564263462,1
1517,player_12,1.90854852744,79.9664658961,0.169512514386,1
1518,player_13,2.42136821921,75.1886671233,0.0768748331047,1
1519,player_12,1.89656787872,88.294619329,0.222998983029,1
1520,player_12,2.00924841671,102.322516189,0.260585145397,1
1521,player_12,2.18344639196,149.976192561,0.137640280607,1
1522,player_12,2.1252134497,137.045010063,0.115064872898,1
1523,player_12,2.18167697375,148.605375244,0.135705665424,1
1524,player_15,3.32919345924,221.93006547,0.211362486654,1
1525,player_12,2.8462057848,165.31050032,0.138500980835,1
1526,player_12,2.82158004027,169.494155024,0.145375738211,1
1527,player_13,6.1869988549,128.675896585,0.00104692412931,1
1528,player_13,3.23735500321,98.8583666264,0.029304039748,1
1529,player_12,2.79312250245,174.328791064,0.153320215498,1
1530,player_12,2.95642018952,146.586233435,0.107732477939,1
1531,player_13,2.07638282855,107.32936591,0.0720368862375,1
1532,player_15,2.30757219239,248.018562674,0.27575358343,1
1533,player_13,2.33856751264,72.2936443757,0.030022529422,1
1534,player_13,2.09411058739,80.7652691767,0.0399638786306,1
1535,player_12,4.0947874691,196.947667018,0.155019834668,1
1536,player_12,3.83753406656,205.342203708,0.173951982445,1
1537,player_15,3.37860024124,220.317853386,0.207726474501,1
1538,player_12,2.32936511894,157.634462625,0.149521324828,1
1539,player_15,2.30448812714,246.141769314,0.27303600345,1
1540,player_13,2.33762739526,81.0120701682,0.0422305372828,1
1541,player_15,2.45639902111,250.410563148,0.275594380646,1
1542,player_15,2.23289008079,188.281588434,0.191700146626,1
1543,player_13,3.27230912143,92.9200299824,0.0195459152059,1
1544,player_13,2.08048744012,109.827207917,0.0756537390981,1
1545,player_15,2.22763723045,199.374518667,0.205317443264,1
1546,player_15,2.32443596661,203.346253219,0.213529428147,1
1547,player_15,2.31722921246,253.895296686,0.28426304166,1
1548,player_13,5.01988177054,166.760551985,0.0869390168876,1
1549,player_15,2.50827189494,248.717879054,0.271776880456,1
1550,player_12,2.3305956195,146.223092126,0.133542511213,1
1551,player_13,6.05416897907,133.010320368,0.010822323846,1
1552,player_15,2.29027090828,232.73610558,0.254438180944,1
1553,player_13,2.33855779835,72.3837324383,0.0301486755637,1
1554,player_13,2.05978687529,54.1737382642,0.00243562534937,1
1555,player_15,2.38183646326,244.20195858,0.268138743251,1
1556,player_13,2.08815790986,76.1535649334,0.0334554453452,1
1557,player_12,2.84705636726,165.165995315,0.138263524133,1
1558,player_13,3.24664541233,97.2800239389,0.0267104406582,1
1559,player_12,2.16958123932,139.234474592,0.122480645236,1
1560,player_12,2.33344514172,119.797298303,0.0965396959804,1
1561,player_12,4.4300157981,186.008699916,0.130349248388,1
1562,player_13,5.67513890971,145.378599242,0.0387164283123,1
1563,player_13,3.06999464848,127.291128714,0.076025950303,1
1564,player_12,2.19674554755,111.554942362,0.654572199039,1
1565,player_13,2.6381738308,55.1778153059,0.184324651297,1
1566,player_12,3.860637569,143.064504329,0.700791650615,1
1567,player_15,2.28671866632,135.582482444,0.945961291489,1
1568,player_13,2.08231100087,80.9949184913,0.283961741611,1
1569,player_13,5.38800323637,133.372201007,0.243485397289,1
1570,player_15,2.28013370881,134.499447033,0.952583400274,1
1571,player_13,2.07620396432,79.3640195368,0.264183347126,1
1572,player_13,1.96634370838,53.7083381224,0.0607605058612,1
1573,player_15,2.9912719669,148.581293983,0.961087095743,1
1574,player_13,2.03786570809,72.1230156458,0.264033257407,1
1575,player_13,2.03297082734,73.2249802158,0.335988669839,1
1576,player_12,2.51271197759,97.7038084626,0.606919073619,1
1577,player_15,2.32999832033,147.140419255,1.08612781318,1
1578,player_15,2.37618358224,143.980867645,1.06678904114,1
1579,player_13,2.00483329991,63.6182038835,0.170151814948,1
1580,player_13,1.99813828918,58.5163912208,0.0113579861494,1
1581,player_13,2.076375098,82.03797887,0.373480835487,1
1582,player_12,2.15069815116,102.66057954,0.638757203848,1
1583,player_12,4.84416909012,136.823244601,0.406313959674,1
1584,player_12,2.13902062037,96.1393602334,0.467622870456,1
1585,player_12,2.17864731483,109.648765092,0.710636246353,1
1586,player_15,2.32119758836,145.290896413,1.0772438948,1
1587,player_13,2.05817012987,74.5480402068,0.205778539918,1
1588,player_12,2.19978209723,113.811420667,0.72421599943,1
1589,player_13,1.98356305899,60.8714566174,0.208922861241,1
1590,player_15,2.43704584063,123.351266557,0.861786083956,1
1591,player_15,2.3501556836,152.531347152,1.15171768525,1
1592,player_15,2.2861435242,136.046786491,0.969663902979,1
1593,player_12,2.16055314027,103.711191435,0.612723339048,1
1594,player_13,2.67383327276,43.0908490598,0.0642125941946,1
1595,player_15,2.30480472301,141.192155351,1.03508508536,1
1596,player_13,2.00410510744,63.4307171015,0.168082218345,1
1597,player_12,2.16300402086,102.544185637,0.545296084417,1
1598,player_13,5.53091384952,132.465323866,0.200696745917,1
1599,player_15,3.4995399989,145.355944586,0.808907330043,1
1600,player_13,5.58492400561,132.122588117,0.184525646455,1
1601,player_13,2.00416779113,66.0232991964,0.261913656771,1
1602,player_15,2.42935992434,125.956450641,0.887674633088,1
1603,player_15,2.29734080578,138.929736216,1.00148770888,1
1604,player_13,2.04160205462,70.1234954363,0.152120775504,1
1605,player_13,2.00771848292,61.0748052475,0.0423846305247,1
1606,player_15,2.33658464846,149.138153966,1.11681599647,1
1607,player_13,2.01441896818,57.7200863906,0.0252488518788,1
1608,player_13,1.9705590232,51.7107020282,0.00930429220569,1
1609,player_26,2.58664584647,136.122630103,0.233272496457,1
1610,player_11,2.39166571971,110.595823986,0.154047357381,1
1611,player_14,2.73269792774,155.993177192,0.286032387991,1
1612,player_6,2.29111222757,97.1689203387,0.115033113382,1
1613,player_6,4.83917584699,139.179112036,0.112461608516,1
1614,player_2,2.53773948614,129.421821037,0.215493395709,1
1615,player_6,2.32057381769,101.10292525,0.126464060645,1
1616,player_2,2.56627228092,133.911030884,0.221793815882,1
1617,player_26,3.29056655827,151.648748143,0.240327138441,1
1618,player_6,2.24896064961,89.9335947679,0.0997996558045,1
1619,player_2,2.71975888613,117.188616982,0.193044948786,1
1620,player_6,2.29444599703,96.1583243923,0.117342330416,1
1621,player_1,2.39144301034,109.377296263,0.16230972462,1
1622,player_13,2.00618172132,59.1221616235,0.0044815248091,1
1623,player_26,3.25156412941,151.962801596,0.243547489934,1
1624,player_11,4.34419685593,143.164757701,0.153331020481,1
1625,player_15,2.70563081876,74.8181341064,0.0915124825232,1
1626,player_1,2.43903465815,115.945472857,0.173106922285,1
1627,player_13,2.69390522577,39.6527414141,0.00724558715501,1
1628,player_15,2.19991037548,84.9907408015,0.0796472582074,1
1629,player_6,2.70656620863,77.6233954027,0.0982347353418,1
1630,player_15,5.35859015099,134.996709537,0.0695746222918,1
1631,player_13,6.03698750707,129.534151467,0.0135607277177,1
1632,player_13,2.01758378954,58.1537081827,0.0263993704879,1
1633,player_15,2.16216806164,77.9636387253,0.0789605981623,1
1634,player_15,2.17977899778,82.3025987692,0.071836385954,1
1635,player_26,2.6243924489,141.311930337,0.244595249724,1
1636,player_14,2.72865073889,143.855540731,0.256946947352,1
1637,player_6,2.31135340154,99.8717234628,0.122886586032,1
1638,player_14,2.71827732194,154.157858614,0.281124948533,1
1639,player_11,2.71352511382,98.4933534389,0.148245454277,1
1640,player_26,2.56703739602,133.436016712,0.226144167672,1
1641,player_4,2.78513718055,125.025950898,0.347845378964,1
1642,player_21,2.14886445355,114.093058109,1.19015758632,1
1643,player_21,2.13172642553,115.130927768,1.21773258471,1
1644,player_10,2.23379528441,97.9492368066,0.97571325307,1
1645,player_25,2.23621287086,119.590636794,1.08918437596,1
1646,player_9,2.78528419042,75.5518248419,0.166161523051,1
1647,player_10,2.29347050331,120.157587851,1.01185619963,1
1648,player_17,3.01953993874,127.346949614,0.0312773155902,1
1649,player_23,2.406395922,121.275747695,0.859346982697,1
1650,player_10,2.3003857991,113.776651238,1.05993069058,1
1651,player_7,2.8408975552,125.578076474,0.272539294882,1
1652,player_24,2.86896420916,102.52891965,0.442296157529,1
1653,player_3,2.38690657189,77.4988521355,0.650311054611,1
1654,player_16,2.53042748024,90.9858086545,0.576224650903,1
1655,player_4,2.66238901729,82.994289713,0.363899220656,1
1656,player_10,2.26712269664,106.9314032,0.999880685152,1
1657,player_17,2.88560177701,69.4766463374,0.0047510453649,1
1658,player_17,2.86825203488,70.5273372884,0.0326666906704,1
1659,player_24,2.60691359434,86.353851167,0.453158889109,1
1660,player_10,2.24383563877,108.341654764,1.03734944076,1
1661,player_4,2.4979064479,62.6730989203,0.414406803046,1
1662,player_21,2.15239690383,118.760711612,1.20238039194,1
1663,player_21,2.07892948457,116.097556809,1.25622162712,1
1664,player_18,2.39053587514,111.993284441,0.962002596343,1
1665,player_3,2.01992307775,88.2344557655,0.696411416133,1
1666,player_9,1.96451206052,62.0691144928,0.170711667353,1
1667,player_4,2.78089539148,124.983949741,0.35357404428,1
1668,player_4,2.79580486042,125.131579652,0.33343835242,1
1669,player_3,2.4914125875,122.1175619,0.744529386866,1
1670,player_23,2.3617457573,101.201082089,0.847632670201,1
1671,player_23,2.30936874731,87.85522994,0.815099549294,1
1672,player_17,2.87860706949,69.900242022,0.016005493566,1
1673,player_21,2.10757436351,114.807996394,1.24396627233,1
1674,player_9,2.61181542041,47.4587907951,0.17231994788,1
1675,player_16,2.00407051627,80.7488021571,0.546013751513,1
1676,player_3,2.02320246529,89.7829978881,0.727523878849,1
1677,player_4,2.52536450676,59.0056497385,0.356051126823,1
1678,player_3,2.37987776981,78.4376575552,0.665249128021,1
1679,player_9,2.78660484418,75.4718467685,0.164036597995,1
1680,player_9,2.80857608657,74.141280274,0.128684982678,1
1681,player_3,2.02551022332,90.8727320158,0.749418221874,1
1682,player_18,2.34875571614,120.705008491,0.937191836071,1
1683,player_24,2.44432021386,69.8303707135,0.528291799047,1
1684,player_3,2.58337613189,140.385141646,1.26454600721,1
1685,player_10,3.87057796449,194.139643828,1.66932795602,1
1686,player_24,2.41744967062,118.218458543,0.850689096897,1
1687,player_4,2.25322237079,91.9925660318,0.651529732744,1
1688,player_10,3.04148547449,192.022712746,1.85080080534,1
1689,player_10,2.89842603767,186.563856488,1.84951804833,1
1690,player_21,3.10793638293,211.016754303,2.14047899378,1
1691,player_4,2.28574428124,99.3298905444,0.58570457197,1
1692,player_24,2.87040292807,120.82064638,0.747013393508,1
1693,player_3,4.57141888616,174.314670423,1.16734996332,1
1694,player_9,2.8082858124,94.9684067148,0.346247261752,1
1695,player_7,5.59837250044,145.264814084,0.431793436948,1
1696,player_24,2.89742076951,132.065078845,0.921326635258,1
1697,player_9,2.05996443542,63.6656155248,0.292696142129,1
1698,player_10,2.85268625361,179.859507729,1.76459025006,1
1699,player_25,2.96508105182,196.333873348,1.97328040776,1
1700,player_18,3.16464657927,179.565209875,1.62258824294,1
1701,player_21,3.27610932732,210.955620974,2.09511669635,1
1702,player_16,2.46336990579,122.795124342,1.0417232552,1
1703,player_17,3.32689916991,89.5797241494,0.140859710551,1
1704,player_21,3.22106582295,212.512659064,2.13454165996,1
1705,player_25,3.05695982707,198.462913123,1.95063796554,1
1706,player_3,3.20903830244,154.945505772,1.21719266459,1
1707,player_17,2.06765852968,68.0530569432,0.146927164732,1
1708,player_18,3.1759377319,173.303122784,1.51947480148,1
1709,player_16,3.22242904477,147.518983656,1.09490527984,1
1710,player_21,3.22798163847,212.317028566,2.12958820036,1
1711,player_25,3.04792521506,194.702839067,1.89234861211,1
1712,player_17,2.0093967082,59.6974203062,0.0297073519421,1
1713,player_17,1.94406833852,46.6780439947,0.0775049133201,1
1714,player_21,3.09310225329,215.09869266,2.21098504488,1
1715,player_17,3.33059896073,87.5278156259,0.107072357172,1
1716,player_24,5.08169862767,159.880178955,0.80186160151,1
1717,player_9,5.79147935624,139.802321581,0.293480463413,1
1718,player_3,2.55483234317,136.201310909,1.21154704406,1
1719,player_16,2.5295985748,134.30232734,1.07632697121,1
1720,player_3,2.93065756472,145.897749376,1.13576321532,1
1721,player_4,2.36254057198,110.343653661,0.740214791439,1
1722,player_25,3.05091867759,195.948674615,1.91166178187,1
1723,player_21,3.06314484514,210.707659421,2.15536132981,1
1724,player_18,2.99296434466,171.828924552,1.53775301975,1
1725,player_4,5.28508212547,154.126986882,0.656187973133,1
1726,player_10,3.14812678126,188.727110108,1.77345089459,1
1727,player_15,2.98166432544,159.502981732,0.104927183894,1
1728,player_12,5.44338914656,164.510170094,0.0606551834717,1
1729,player_12,2.63640576322,130.749949344,0.0750368683844,1
1730,player_12,5.4038228323,166.405300504,0.0638219684135,1
1731,player_11,3.97522429436,234.831702717,0.178163281798,1
1732,player_12,3.14467477756,124.032714047,0.0575022934816,1
1733,player_26,2.31710799103,287.725791647,0.277714047272,1
1734,player_6,2.84809686913,188.566599236,0.143786176653,1
1735,player_26,2.25617886719,315.590577988,0.31384135975,1
1736,player_1,2.60950306608,240.483430041,0.21320065171,1
1737,player_1,2.65493796931,230.597019944,0.199982202962,1
1738,player_11,2.68717440646,223.58253075,0.19060360497,1
1739,player_15,2.60317790088,147.085709044,0.0961285576687,1
1740,player_11,2.67891261898,225.380254821,0.193007219959,1
1741,player_11,2.48045995801,207.417330887,0.174024893394,1
1742,player_2,2.19492690063,255.463717434,0.240676159005,1
1743,player_1,2.18276474717,218.327352168,0.197838796398,1
1744,player_2,2.37034810258,261.551442549,0.243919399913,1
1745,player_26,2.23810085033,298.117809102,0.292554171658,1
1746,player_6,2.55741799925,169.58257475,0.125175073415,1
1747,player_15,2.5896245665,153.74891269,0.104731660526,1
1748,player_6,2.13357365963,153.15618544,0.12011134768,1
1749,player_11,4.08530128924,229.559281861,0.169353005269,1
1750,player_11,3.75516465576,245.372025236,0.195776283234,1
1751,player_12,2.68665614116,106.045438099,0.0431399817593,1
1752,player_6,2.82053007831,194.564996498,0.151806227004,1
1753,player_11,2.13144914139,192.750294623,0.164400997236,1
1754,player_26,2.28515077155,311.060884199,0.307564981259,1
1755,player_1,2.62758123945,236.549708981,0.207941139945,1
1756,player_11,2.44639661143,224.163838339,0.195646913934,1
1757,player_11,2.45565970587,219.609838344,0.189767080082,1
1758,player_6,2.54584297449,175.273185271,0.132522426163,1
1759,player_6,2.52268428496,186.658653983,0.147222615982,1
1760,player_6,4.65484335699,202.279599312,0.123768338672,1
1761,player_12,2.6376977847,130.114754932,0.0742167459407,1
1762,player_12,5.46365996727,163.539246987,0.0590327596752,1
1763,player_15,5.08953155173,181.459089939,0.0889770255213,1
1764,player_13,2.73250129468,83.5066601458,0.0140393515976,1
1765,player_26,2.25368695117,312.289145099,0.309903852283,1
1766,player_2,2.20589878456,266.303488777,0.253860024207,1
1767,player_26,2.26553495167,315.32918953,0.313271842971,1
1768,player_15,4.81090180353,194.804778536,0.111277826278,1
1769,player_13,2.02141842195,84.0444563549,0.0321875885653,1
1770,player_6,2.77369773144,87.8817856808,0.480473960053,1
1771,player_12,3.1539240182,98.356544565,0.218066321056,1
1772,player_13,2.31121163703,68.0916052345,0.139652183265,1
1773,player_2,2.52569351099,103.601802019,0.930970313811,1
1774,player_2,2.74356757106,111.392790483,0.950309158903,1
1775,player_6,2.19988359198,74.5567976411,0.469174323624,1
1776,player_11,2.33090962695,88.1019232917,0.710326003082,1
1777,player_12,2.32570766843,70.4916072399,0.193134429836,1
1778,player_13,2.99846460187,126.413478864,0.120576583955,1
1779,player_1,2.36865873204,92.0043261371,0.779802730308,1
1780,player_2,2.76034677591,110.859746973,0.920368231551,1
1781,player_12,2.08878348106,63.0715614243,0.264696043091,1
1782,player_1,2.78598660252,110.045218318,0.874616350402,1
1783,player_12,2.33134555144,71.4250303369,0.213935064218,1
1784,player_11,2.3225810868,87.2409407947,0.694997435412,1
1785,player_15,3.05143429101,101.612448785,0.400949687981,1
1786,player_26,2.56902109411,110.775233388,1.09082485743,1
1787,player_6,2.87627634403,123.201535845,0.453642474724,1
1788,player_11,2.90559142253,106.245600066,0.661192695333,1
1789,player_6,2.85979475632,122.768287008,0.498568679481,1
1790,player_2,2.67458835689,117.899796269,1.00341207026,1
1791,player_15,2.8126942661,81.5721051708,0.317342030095,1
1792,player_12,2.03487209925,57.498345072,0.165472859933,1
1793,player_2,2.74674080034,111.291983008,0.944646826974,1
1794,player_26,2.64259948438,117.058909939,1.09060868394,1
1795,player_26,2.60706581863,114.843005225,1.17753552622,1
1796,player_15,2.39039605288,81.2015904151,0.431798380808,1
1797,player_6,3.01057338744,102.910522182,0.473862162473,1
1798,player_6,2.842136172,122.304098652,0.546703191083,1
1799,player_2,2.44825909793,100.233201857,0.926306147926,1
1800,player_11,2.71295042955,97.7107633073,0.734594606445,1
1801,player_6,2.86327588447,122.859794862,0.489079674,1
1802,player_11,2.27472648299,82.2938581653,0.60692167183,1
1803,player_13,3.03729494249,127.434205763,0.0147312088288,1
1804,player_2,2.69246761119,113.016139276,1.04149227516,1
1805,player_15,3.07008496387,101.019952286,0.367669300365,1
1806,player_11,2.87352165694,107.264395685,0.71841820338,1
1807,player_11,2.72370232377,95.9710954634,0.689616834208,1
1808,player_15,3.08526063858,100.537849888,0.340589723099,1
1809,player_15,2.14650718533,69.0388856094,0.370935755164,1
1810,player_13,3.03883044827,127.474569356,0.0105456626102,1
1811,player_2,2.55827979253,108.996874566,1.05119546344,1
1812,player_26,2.53202915417,108.893129159,1.08048382533,1
